EN_Parent,EN_ID,EN_Level,EN_Card,EN_BT,EN_Desc,EN_DT,CII_Path,CII_Type,CII_Card,CII_Match,CII_Rules
root,BT-1,1,1..1,Invoice number,A unique identification of the Invoice.,I,/rsm:CrossIndustryInvoice/rsm:ExchangedDocument/ram:ID,E,1..1,,
root,BT-2,1,1..1,Invoice issue date,The date when the Invoice was issued.,D,/rsm:CrossIndustryInvoice/rsm:ExchangedDocument/ram:IssueDateTime/udt:DateTimeString,E,1..1,,"@format =""102"""
root,BT-2,1,1..1,Invoice issue date,The date when the Invoice was issued.,D,/rsm:CrossIndustryInvoice/rsm:ExchangedDocument/ram:IssueDateTime/udt:DateTimeString/@format,A,,,"Only value ""102"""
root,BT-3,1,1..1,Invoice type code,A code specifying the functional type of the Invoice.,C,/rsm:CrossIndustryInvoice/rsm:ExchangedDocument/ram:TypeCode,E,0..1,CAR-2,
root,BT-5,1,1..1,Invoice currency code,"The currency in which all Invoice amounts are given, except for the Total VAT amount in accounting currency.",C,/rsm:CrossIndustryInvoice/rsm:SupplyChainTradeTransaction/ram:ApplicableHeaderTradeSettlement/ram:InvoiceCurrencyCode,E,0..1,CAR-2,
root,BT-6,1,0..1,VAT accounting currency code,The currency used for VAT accounting and reporting purposes as accepted or required in the country of the Seller.,C,/rsm:CrossIndustryInvoice/rsm:SupplyChainTradeTransaction/ram:AppIicableHeadeiTradeSettlement/ram:TaxCurrencyCode,E,0..1,CAR-2,
root,BT-7,1,0..1,Value added tax point date,"The date when the VAT becomes accountable for the Seller and for the Buyer in so far as that date can be determined and differs from the date of issue of the invoice, according to the VAT directive...",D,/rsm:CrossIndustryInvoice/rsm:SupplyChainTradeTransaction/ram:ApplicableHeaderTradeSettlement/ram:ApplicableTradeTax/ram:TaxPointDate/udt:DateString,E,1..1,STR-2,"@format = ""102"""
root,BT-7,1,0..1,Value added tax point date,"The date when the VAT becomes accountable for the Seller and for the Buyer in so far as that date can be determined and differs from the date of issue of the invoice, according to the VAT directive...",D,/rsm:CrossIndustryInvoice/rsm:SupplyChainTradeTransaction/ram:ApplicableHeaderTradeSettlement/ram:ApplicableTradeTax/ram:TaxPointDate/udt:DateString/@format,A,,,"Only value ""102"""
root,BT-8,1,0..1,Value added tax point date code,The code of the date when the VAT becomes accountable for the Seller and for the Buyer.,C,/rsm:Crosslndustrylnvoice/rsm:SupplyChainTradeTransaction/ram:ApplicableHeaderTradeSettlement/ram:ApplicableTradeTax/ram:DueDateTypeCode,E,0..1,STR-2,
root,BT-9,1,0..1,Payment due date,The date when the payment is due.,D,/rsm:CrossIndustryInvoice/rsm:SupplyChainTradeTransaction/ram:ApplicableHeaderTradeSettlement/ram:SpecifiedTradePaymentTerms/ram:DueDateDateTime/udt:DateTimeString,E,1..1,,"@format =""102"""
root,BT-9,1,0..1,Payment due date,The date when the payment is due.,D,/rsm:CrossIndustryInvoice/rsm:SupplyChainTradeTransaction/ram:ApplicableHeaderTradeSettlement/ram:SpecifiedTradePaymentTerms/ram:DueDateDateTime/udt:DateTimeString/@format,A,,,"Only value ""102"""
root,BT-10,1,0..1,Buyer reference,An identifier assigned by the Buyer used for internal routing purposes.,T,/rsm:CrossIndustryInvoice/rsm:SupplyChainTradeTransaction/ram:ApplicableHeaderTradeAgreement/ram:BuyerReference,E,0..1,,
root,BT-11,1,0..1,Project reference,The identification of the project the invoice refers to.,0,/rsm:CrossIndustryInvoice/rsm:SupplyChainTradeTransaction/ram:ApplicableHeaderTradeAgreement/ram:SpecifiedProcuringProject/ram:ID,E,1..1,,"Use ""Project reference as default value for Name."
root,BT-11,1,0..1,Project reference,The identification of the project the invoice refers to.,0,/rsm:CrossIndustryInvoice/rsm:SupplyChainTradeTransaction/ram:ApplicableHeaderTradeAgreement/ram:SpecifiedProcuringProject/ram:Name,E,1..1,,"Use ""Project reference as default value for Name."
root,BT-12,1,0..1,Contract reference,The identification of a contract.,0,/rsm:CrossIndustryInvoice/rsm:SupplyChainTradeTransaction/ram:ApplicableHeaderTradeAgreement/ram:ContractReferencedDocument/ram:IssuerAssignedID,E,0..1,,
root,BT-13,1,0..1,Purchase order reference,"An identifier of a referenced purchase order, issued by the Buyer.",0,/rsm:CrossIndustryInvoice/rsm:SupplyChainTradeTransaction/ram:ApplicableHeaderTradeAgreement/ram:BuyerOrderReferencedDocument/ram:IssuerAssignedID,E,0..1,,
root,BT-14,1,0..1,Sales order reference,"An identifier of a referenced sales order, issued by the Seller.",0,/rsm:CrossIndustryInvoice/rsm:SupplyChainTradeTransaction/ram:ApplicableHeaderTradeAgreement/ram:SellerOrderReferencedDocument/ram:IssuerAssignedID,E,0..1,,
root,BT-15,1,0..1,Receiving advice reference,An identifier of a referenced receiving advice.,0,/rsm:CrossIndustryInvoice/rsm:SupplyChainTradeTransaction/ram:ApplicableHeaderTradeDelivery/ram:ReceivingAdviceReferencedDocument/ram:IssuerAssignedID,E,0..1,,
root,BT-16,1,0..1,Despatch advice reference,An identifier of a referenced despatch advice.,0,/rsm:CrossIndustryInvoice/rsm:SupplyChainTradeTransaction/ram:ApplicableHeaderTradeDelivery/ram:DespatchAdviceReferencedDocument/ram:IssuerAssignedID,E,0..1,,
root,BT-17,1,0..1,Tender or lot reference,The identification of the call for tender or lot the invoice relates to.,0,/rsm:CrossIndustryInvoice/rsm:SupplyChainTradeTransaction/ram:ApplicableHeaderTradeAgreement/ram:AdditionalReferencedDocument/ram:IssuerAssignedID,E,0..1,,"Use for ""Tender or lot reference with TypeCode ""50"""
root,BT-17,1,0..1,Tender or lot reference,The identification of the call for tender or lot the invoice relates to.,0,/rsm:CrossIndustryInvoice/rsm:SupplyChainTradeTransaction/ram:ApplicableHeaderTradeAgreement/ram:AdditionalReferencedDocument/ram:TypeCode,E,0..1,,"Use for ""Tender or lot reference "" with TypeCode ""50"""
root,BT-18,1,0..1,Invoiced object identifier,The identification of the call for tender or lot the invoice relates to.,I,/rsm:CrossIndustryInvoice/rsm:SupplyChainTradeTransaction/ram:ApplicableHeaderTradeAgreement/ram:AdditionalReferencedDocument/ram:IssuerAssignedID,E,0..1,CAR-2,"Use for ""Invoiced object identifier "" with TypeCode ""130"" and Reference TypeCode"
root,BT-18,1,0..1,Invoiced object identifier,The identification of the call for tender or lot the invoice relates to.,I,/rsm:CrossIndustryInvoice/rsm:SupplyChainTradeTransaction/ram:ApplicableHeaderTradeAgreement/ram:AdditionalReferencedDocument/ram:TypeCode,E,0..1,CAR-2,"Use for ""Invoiced object identifier "" with TypeCode ""130"" and Reference TypeCode"
BT-18,BT-18-1,2,0..1,Scheme identifier,The identification scheme identifier of the Invoiced object identifier.,S,/rsm:CrossIndustryInvoice/rsm:SupplyChainTradeTransaction/ram:ApplicableHeaderTradeAgreement/ram:AdditionalReferencedDocument/ram:ReferenceTypeCode,E,0..1,,
root,BT-19,1,0..1,Buyer accounting reference,A textual value that specifies where to book the relevant data into the Buyer's financial accounts.,T,/rsm:CrossIndustryInvoice/rsm:SupplyChainTradeTransaction/ram:ApplicableHeaderTradeSettlement/ram:ReceivableSpecifiedTradeAccountingAccount/ram:ID,E,1..1,CAR-2,
root,BT-20,1,0..1,Payment terms,A textual description of the payment terms that apply to the amount due for payment (Including description of possible  penalties).,T,/rsm:CrossIndustryInvoice/rsm:SupplyChainTradeTransaction/ram:ApplicableHeaderTradeSettlement/ram:SpecifiedTradePaymentTerms/ram:Description,E,0..n,CAR-3,
root,BG-1,1,0..n,INVOICE NOTE,"A group of business terms providing textual notes that are relevant for the invoice, together with an indication of the note subject.",,/rsm:CrossIndustryInvoice/rsm:ExchangedDocument/ram:IncludedNote,E,0..n,,
BG-1,BT-21,2,0..1,Invoice note subject code,The subject of the following textual note.,C,/rsm:CrossIndustryInvoice/rsm:ExchangedDocument/ram:IncludedNote/ram:SubjectCode,E,0..1,,
BG-1,BT-22,2,1..1,Invoice note,A textual note that gives unstructured information that is relevant to the Invoice as a whole.,T,/rsm:CrossIndustryInvoice/rsm:ExchangedDocument/ram:IncludedNote/ram:Content,E,0..n,CAR-3,
root,BG-2,1,1..1,PROCESS CONTROL,A group of business terms providing information on the business process and rules applicable to the,,/rsm:CrossIndustryInvoice/rsm:ExchangedDocumentContext,E,1..1,,
BG-2,BT-23,2,0..1,Business process type,"Identifies the business process context in which the transaction appears, to enable the Buyer to process the Invoice in an appropriate way.",T,/rsm:CrossIndustryInvoice/rsm:ExchangedDocumentContext/ram:BusinessProcessSpecifiedDocumentContextParameter/ram:ID,E,0..1,,
BG-2,BT-24,2,1..1,Specificati on identifier,"An identification of the specification containing the total set of rules regarding semantic content, cardinalities and business rules to which the data contained in the instance document conforms.",I,/rsm:CrossIndustiyInvoice/rsm:ExchangedDocumentContext/ram:GuidelineSpecifiedDocumentContextParameter/ram:ID,E,0..1,"CAR-2, CAR-3",
root,BG-3,1,0..n,PRECEDING INVOICE REFERENCE,A group of business terms providing information on one or more preceding Invoices.,,/rsm:CrossIndustryInvoice/rsm:SupplyChainTradeTransaction/ram:ApplicableHeaderTradeSettlement/ram:InvoiceReferencedDocument,E,0..1,,
BG-3,BT-25,2,1..1,Preceding Invoice number,The identification of an Invoice that was previously sent by the Seller.,0,/rsm:CrossIndustiyInvoice/rsm:SupplyChainTradeTransaction/ram:ApplicableHeaderTradeSettlement/ram:InvoiceReferencedDocument/ram:IssuerAssignedID,,0..1,CAR-2,
BG-3,BT-26,2,0..1,Preceding Invoice issue date,The date when the Preceding Invoice was issued.,D,/rsm:CrossIndustryInvoice/rsm:SupplyChainTradeTransaction/ram:ApplicableHeaderTradeSettlement/ram:InvoiceReferencedDocument/ram:FormattedIssueDateTime/qdt:DateTimeString,E,1..1,,
BG-3,BT-26-1,3,0..1,Preceding Invoice issue date,The date when the Preceding Invoice was issued.,D,/rsm:CrossIndustryInvoice/rsm:SupplyChainTradeTransaction/ram:ApplicableHeaderTradeSettlement/ram:InvoiceReferencedDocument/ram:FormattedIssueDateTime/qdt:DateTimeString/@format,A,,,"Fixed value ""102"""
root,BG-4,1,1..1,SELLER,A group of business terms providing information about the Seller.,,/rsm:CrossIndustryInvoice/rsm:SupplyChainTradeTransaction/ram:ApplicableHeaderTradeAgreement/ramiSellerTradeParty,E,0..1,,
BG-4,BT-27,2,1..1,Seller name,The full formal name by which the Seller is registered in the national registry of legal entities or as a Taxable person or otherwise trades as a person or persons.,T,/rsm:CrossIndustryInvoice/rsm:SupplyChainTradeTransaction/ram:ApplicableHeaderTradeAgreement/ram:SellerTradeParty/ram:Name,E,0..1,CAR-2,
BG-4,BT-28,2,0..1,Seller trading name,"A name by which the Seller is known, other than Seller name (also known as Business name).",T,/rsm:CrossIndustryInvoice/rsm:SupplyChainTradeTransaction/ram:ApplicableHeaderTradeAgreement/ram:SellerTradeParty/ram:SpecifiedLegalOrganization/ram:TradingBusinessName,E,0..1,,
BG-4,BT-29,2,0..n,Seller identifier,An identification of the Seller.,I,/rsm:CrossIndustryInvoice/rsm:SupplyChainTradeTransaction/ram:ApplicableHeaderTradeAgreement/ram:SellerTradeParty/ram:ID,E,0..n,"SYN-1, CAR-3","GloabllD, if global identifier exists and can be stated in @scheme ID, ID else"
BG-4,BT-29,2,0..n,Seller identifier,An identification of the Seller.,I,/rsm:CrossIndustryInvoice/rsm:SupplyChainTradeTransaction/ram:ApplicableHeaderTradeAgreement/ram:SellerTradeParty/ram:GlobalID,E,0..n,"SYN-1, CAR-3","GloabllD, if global identifier exists and can be stated in @scheme ID, ID else"
BT-29,BT-29-1,3,0..1,Seller identifier identificati on scheme identifier,The identification scheme identifier of the Seller identifier.,S,/rsm:CrossIndustryInvoice/rsm:SupplyChainTradeTransaction/ram:ApplicableHeaderTradeAgreement/ram:SeIlerTradeParty/ram:GlobalID/@schemeID,A,,,
BG-4,BT-30,2,0..1,Seller legal registration identifier,An identifier issued by an official registrar that identifies the Seller as a legal entity or person.,I,/rsm:CrossIndustryInvoice/rsm:SupplyChainTradeTransaction/ram:ApplicableHeaderTradeAgreement/ram:SellerTradeParty/ram:SpecifiedLegalOrganization/ram:ID,E,0..1,,
BT-30,BT-30-1,3,0..1,Seller legal registration identifier identificati on scheme identifier,The identification scheme identifier of the Seller legal registration identifier.,S,/rsm:CrossIndustryInvoice/rsm:SupplyChainTradeTransaction/ram:ApplicableHeaderTradeAgreement/ram:SellerTradeParty/ram:SpecifiedLegalOrganization/ram:ID/@schemeID,A,,,
BG-4,BT-31,2,0..1,Seller VAT identifier,The Seller's VAT identifier (also known as Seller VAT identification number).,I,/rsm:CrossIndustryInvoice/rsm:SupplyChainTradeTransaction/ram:ApplicableHeaderTradeAgreement/ram:SellerTradeParty/ram:SpecifiedTaxRegistration/ram:ID,E,0..1,,"@scheme ID = ""VA"""
BG-4,BT-32,2,0..1,Seller tax registration identifier,The local identification (defined by the Seller's address) of the Seller for tax purposes or a reference that enables the Seller to state his registered tax status.,I,/rsm:CrossIndustryInvoice/rsm:SupplyChainTradeTransaction/ram:ApplicableHeaderTradeAgreement/ram:SellerTradeParty/ram:SpecifiedTaxRegistration/ram:ID,E,0..1,,"@scheme ID =""FC"""
BG-4,BT-33,2,0..1,Seller additional legal information,Additional information relevant for Seller.,T,/rsm:CrossIndustryInvoice/rsm:SupplyChainTradeTransaction/ram:ApplicableHeaderTradeAgreement/ram:SelleiTradeParty/ram:Description,E,0..n,CAR-3,
BG-4,BT-34,2,0..1,Seller electronic address,Identifies the Seller's electronic address to which a business document may be delivered.   ,I,/rsm:CrossIndustryInvoice/rsm:SupplyChainTradeTransaction/ram:ApplicableHeaderTradeAgreement/ram:SellerTradeParty/ram:URIUniversalCommunication/ram:URIID,E,0..1,CAR-3,
BT-34,BT-34-1,3,1..1,Seller electronic address identificati on scheme identifier,The identification scheme identifier of the Seller electronic address,S,/rsm:CrossIndustryInvoice/rsm:SupplyChainTradeTransaction/ram:ApplicableHeaderTradeAgreement/ram:SellerTradeParty/ram:URIUniversalCommunication/ram:URIID/@schemeID,A,,,
root,BG-5,2,1..1,SELLER POSTAL ADDRESS,A group of business terms providing information about the address of the Seller.,,/rsm:CrossIndustryInvoice/rsm:SupplyChainTradeTransaction/ram:ApplicableHeaderTradeAgreement/ram:SellerTradeParty/ram:PostalTradeAddress,E,0..1,,
BG-5,BT-35,3,0..1,Seller address line 1,The main address line in an address.,T,/rsm:CrossIndustryInvoice/rsm:SupplyChainTradeTransaction/ram:ApplicableHeaderTradeAgreement/ram:SellerTradeParty/ram:PostalTradeAddress/ram:LineOne,E,0..1,,
BG-5,BT-36,3,0..1,Seller address line 2,An additional address line in an address that can be used to give further details supplementing the main line.,T,/rsm:CrossIndustryInvoice/rsm:SupplyChainTradeTransaction/ram:ApplicableHeaderTradeAgreement/ram:SellerTradeParty/ram:PostalTradeAddress/ram:LineTwo,E,0..1,,
BG-5,BT-162,3,0..1,Seller address line 3,An additional address line in an address that can be used to give further details supplementing the main line.,T,/rsm:CrossIndustryInvoice/rsm:SupplyChainTradeTransaction/ram:ApplicableHeaderTradeAgreement/ram:SellerTradeParty/ram:PostalTradeAddress/ram:LineThree,E,0..1,,
BG-5,BT-37,3,0..1,Seller city,"The common name of the city, town or village, where the Seller address is located.",T,/rsm:CrossIndustryInvoice/rsm:SupplyChainTradeTransaction/ram:ApplicableHeaderTradeAgreement/ram:SellerTradeParty/ram:PostalTradeAddress/ram:CityName,E,0..1,,
BG-5,BT-38,3,0..1,Seller post code,The identifier for an addressable group of properties according to the relevant postal service.,T,/rsm:CrossIndustryInvoice/rsm:Supp]yChainTradeTransaction/ram:ApplicableHeaderTradeAgreement/ram:SellerTradeParty/ram:PostalTradeAddress/ram:PostcodeCode,E,0..1,,
BG-5,BT-39,3,0..1,Seller country subdivision,The subdivision of a country.,T,/rsm:CrossIndustryInvoice/rsm:SupplyChainTradeTransaction/ram:ApplicableHeaderTradeAgreement/ram:SellerTradeParty/ram:PostalTradeAddress/ram:CountrySubDivisionName,E,0..n,CAR-3,
BG-5,BT-40,3,1..1,Seller country code,A code identifies country.,C,/rsm:CrossIndustryInvoice/rsm:SupplyChainTradeTransaction/ram:ApplicableHeaderTradeAgreement/ram:SellerTradeParty/ram:PostalTradeAddress/ram:CountryID,E,0..1,,
root,BG-6,2,0..1,SELLER CONTACT,A group of business terms providing contact information about the Seller.s,,/rsm:CrossIndustryInvoice/rsm:SupplyChainTradeTransaction/ram:ApplicableHeaderTradeAgreement/ram:SeIlerTradeParty/ram:DefinedTradeContact,E,0..n,CAR-3,
BG-6,BT-41,3,0..1,Seller contact point,A contact point for a legal entity or person.,T,/rsm:CrossIndustryInvoice/rsm:SupplyChainTradeTransaction/ram:ApplicableHeaderTradeAgreement/ram:SellerTradeParty/ram:DefinedTradeContact/ram:PersonName,E,0..1,STR-5,
BG-6,BT-41,3,0..1,Seller contact point,A contact point for a legal entity or person.,T,/rsm:CrossIndustryInvoice/rsm:SupplyChainTradeTransaction/ram:ApplicableHeaderTradeAgreement/ram:SellerTradeParty/ram:DefinedTradeContact/ram:DepartmentName,E,0..1,STR-5,
BG-6,BT-42,3,0..1,Seller contact telephone number,A phone number for the contact point.,T,/rsm:CrossIndustryInvoice/rsm:SupplyChainTradeTransaction/ram:ApplicableHeaderTradeAgreement/ram:SellerTradeParty/ram:DefinedTradeContact/ram:TelephoneUniversalCommunication/ram:CompleteNumber,E,0..1,,
BG-6,BT-43,3,0..1,Seller contact email address,An e-mail address for the contact point.,T,/rsm:CrossIndustryInvoice/rsm:SupplyChainTradeTransaction/ram:ApplicableHeaderTradeAgreement/ram:SellerTradeParty/ram:DefinedTradeContact/ram:EmailURIUniversalCommunication/ram:URIID,E,0..1,,
root,BG-7,1,1..1,BUYER,A group of business terms providing information about the Buyer.,,/rsm:CrossIndustryInvoice/rsm:SupplyChainTradeTransaction/ram:ApplicableHeaderTradeAgreement/ram:BuyerTradeParty,E,0..1,,
BG-7,BT-44,2,1..1,Buyer name,The full name of the Buyer.,T,/rsm:CrossIndustryInvoice/rsm:SupplyChainTradeTransaction/ram:ApplicableHeaderTradeAgreement/ram:BuyerTradeParty/ram:Name,E,0..1,CAR-2,
BG-7,BT-45,2,0..1,Buyer trading name,"A name by which the Buyer is known, other than Buyer name (also known as Business name).",T,/rsm:CrossIndustryInvoice/rsm:SupplyChainTradeTransaction/ram:ApplicableHeaderTradeAgreement/ram:BuyerTradeParty/ram:SpecifiedLegalOrganization/ram:TradingBusinessName,,0..1,,
BG-7,BT-46,2,0..n,Buyer identifier,An identifier of the Buyer.,I,/rsm:CrossIndustryInvoice/rsm:SupplyChainTradeTransaction/ram:ApplicableHeaderTradeAgreement/ram:BuyerTradeParty/ram:ID,E,0..1,"SYN-1, CAR-3","GloballD, if global identifier exists and can be stated in @scheme ID, ID else"
BG-7,BT-46,2,0..n,Buyer identifier,An identifier of the Buyer.,I,/rsm:CrossIndustryInvoice/rsm:SupplyChainTradeTransaction/ram:ApplicableHeaderTradeAgreement/ram:BuyerTradeParty/ram:Globa1ID,E,0..1,"SYN-1, CAR-3","GloballD, if global identifier exists and can be stated in @scheme ID, ID else"
BT-46,BT-46-1,3,0..1,Buyer identifier identificati on scheme identifier,The identification scheme identifier of the Buyer identifier.,S,/rsm:CrossIndustryInvoice/rsm:SupplyChainTradeTransaction/ram:ApplicableHeaderTradeAgreement/ram:BuyerTradeParty/ram:GlobaHD/@schemeID,A,,,
BG-7,BT-47,2,0..1,Buyer legal registration identifier,An identifier issued by an official registrar that identifies the Buyer as a legal entity or person.,I,/rsm:CrossIndustryInvoice/rsm:SupplyChainTradeTransaction/ram:ApplicableHeaderTradeAgreement/ram:BuyerTradeParty/ram:SpecifiedLegalOrganization/ram:ID,E,0..1,,
BT-47,BT-47-1,3,0..1,Buyer legal registration identifier identification  scheme identifier,The identification scheme identifier of the Buyer legal registration identifier.,S,/rsm:CrossIndustryInvoice/rsm:SupplyChainTradeTransaction/ram:ApplicableHeaderTradeAgreement/ram:BuyerTradeParty/ram:SpecifiedLegalOrganization/ram:ID/@schemeID,A,,,
BG-7,BT-48,2,0..1,Buyer VAT identifier,The Buyer's VAT identifier (also known as Buyer VAT identification number).,I,/rsm:CrossIndustryInvoice/rsm:SupplyChainTradeTransaction/ram:ApplicableHeaderTradeAgreement/ram:BuyerTradeParty/ram:SpecifiedTaxRegistration/ram:ID,E,0..1,,"@scheme ID = ""VA"""
BG-7,BT-49,2,0..1,Buyer electronic address,Identifies the Buyer's electronic address to which a business document should be delivered.,I,/rsm:CrossIndustryInvoice/rsm:SupplyChainTradeTransaction/ram:ApplicableHeaderTradeAgreement/ram:BuyerTradeParty/ram:URIUniversalCommunication/ram:URIID,E,0..1,CAR-3,
BT-49,BT-49-1,3,1..1,Buyer electronic address identificati on scheme  identifier,The identification scheme identifier of the Buyer electronic address.,S,/rsm:CrossIndustryInvoice/rsm:SupplyChainTradeTransaction/ram:ApplicabIeHeaderTradeAgreement/ram:BuyerTradeParty/ram:URIUniversalCommunication/ram:URIID/@schemeID,A,,,
root,BG-8,2,1..1,BUYER POSTAL ADDRESS,A group of business terms providing information about the postal address for the Buyer.,,/rsm:CrossIndustryInvoice/rsm:SupplyChainTradeTransaction/ram:ApplicableHeaderTradeAgreement/ram:BuyerTradeParty/ram:PostaITradeAddress,E,0..1,,
BG-8,BT-50,3,0..1,Buyer address line 1,The main address line in an address.,T,/rsm:CrossIndustryInvoice/rsm:SupplyChainTradeTransaction/ram:ApplicableHeaderTradeAgreement/ram:BuyerTradeParty/ram:Posta!TradeAddress/ram:LineOne,E,0..1,,
BG-8,BT-51,3,0..1,Buyer address line 2,An additional address line in an address that can be used to give further details supplementing the main line.,T,/rsm:CrossIndustryInvoice/rsm:SupplyChainTradeTransaction/ram:ApplicableHeaderTradeAgreement/ram:BuyerTradeParty/ram:Posta!TradeAddress/ram:LineTwo,E,0..1,,
BG-8,BT-163,3,0..1,Buyer address line 3,An additional address line in an address that can be used to give further details supplementing the main line.,T,/rsm:CrossIndustryInvoice/rsm:SupplyChainTradeTransaction/ram:ApplicableHeaderTradeAgreement/ram:BuyerTradeParty/ram:Posta!TradeAddress/ram:LineThree,E,0..1,,
BG-8,BT-52,3,0..1,Buyer city,"The common name of the city, town or village, where the Buyer's address is located.   ",T,/rsm:CrossIndustryInvoice/rsm:SupplyChainTradeTransaction/ram:ApplicableHeaderTradeAgreement/ram:BuyerTradeParty/ram:Posta!TradeAddress/ram:CityName,E,0..1,,
BG-8,BT-53,3,0..1,Buyer post code,The identifier for an addressable group of properties according to the relevant postal service.,T,/rsm:CrossIndustryInvoice/rsm:SupplyChainTradeTransaction/ram:ApplicableHeaderTradeAgreement/ram:BuyerTradeParty/ram:Posta!TradeAddress/ram:PostcodeCode,E,0..1,,
BG-8,BT-54,3,0..1,Buyer country subdivision,The subdivision of a country.,T,/rsm:CrossIndustryInvoice/rsm:SupplyChainTradeTransaction/ram:ApplicableHeaderTradeAgreement/ram:BuyerTradeParty/ram:PostalTradeAddress/ram:CountrySubDivisionName,E,0..n,CAR-3,
BG-8,BT-55,3,1..1,Buyer country code,A code identifies country.,C,/rsm:CrossIndustryInvoice/rsm:SupplyChainTradeTransaction/ram:ApplicableHeaderTradeAgreement/ram:BuyerTradeParty/ram:PostalTradeAddress/ram:CountryID,E,0..1,,
root,BG-9,2,0..1,BUYER CONTACT,A group of business terms providing contact information relevant for the Buyer.,,/rsm:CrossIndustryInvoice/rsm:SupplyChainTradeTransaction/ram;ApplicableHeaderTradeAgreement/ram:BuyerTradeParty/ram:DefinedTradeContact,E,0..n,CAR-3,
BG-9,BT-56,3,0..1,Buyer contact point,A contact point for a legal entity or person.,T,/rsm:CrossIndustryInvoice/rsm:SupplyChainTradeTransaction/ram:ApplicableHeaderTradeAgreement/ram:BuyerTradeParty/ram:DefinedTradeContact/ram:PersonName,E,0..1,STR-5,
BG-9,BT-56,3,0..1,Buyer contact point,A contact point for a legal entity or person.,T,/rsm:CrossIndustryInvoice/rsm:SupplyChainTradeTransaction/ram:ApplicableHeaderTradeAgreement/ram:BuyerTradeParty/ram:DefinedTradeContact/ram:DepartmentName,E,0..1,STR-5,
BG-9,BT-57,3,0..1,Buyer contact telephone number,A phone number for the contact point.,T,/rsm:CrossIndustryInvoice/rsm:SupplyChainTradeTransaction/ram:ApplicableHeaderTradeAgreement/ram:BuyerTradeParty/ram:DefinedTradeContact/ram:TelephoneUniversalCommunication/ram:CompleteNumber,E,0..1,,
BG-9,BT-58,3,0..1,Buyer contact email address,An e-mail address for the contact point.,T,/rsm:CrossIndustryInvoice/rsm:SupplyChainTradeTransaction/ram:ApplicabIeHeaderTradeAgreement/ram:BuyerTradeParty/ram:DefinedTradeContact/ram:EmailURIUniversalCommunication/ram:URIID,E,0..1,,
root,BG-10,1,0..1,PAYEE,"A group of business terms providing information about the Payee, i.e. the role that receives the payment",,/rsm:CrossIndustryInvoice/rsm:SupplyChainTradeTransaction/ram:ApplicableHeaderTradeSettlement/ramiPayeeTradeParty,E,0..1,,
BG-10,BT-59,2,1..1,Payee name,The name Payee.,T,/rsm:CrossIndustryInvoice/rsm:SupplyChainTradeTransaction/ram:ApplicableHeaderTradeSettIement/ram:PayeeTradeParty/ram:Name,E,0..1,,
BG-10,BT-60,2,0..1,Payee identifier,An identifier for the Payee.,I,/rsm:CrossIndustryInvoice/rsm:SupplyChainTradeTransaction/ram:ApplicableHeaderTradeSettlement/ram:PayeeTradeParty/ram:ID,E,0..n,"SYN-1, CAR-3","GloballD, if global identifier exists and can be stated in @scheme ID, ID else"
BG-10,BT-60,2,0..1,Payee identifier,An identifier for the Payee.,I,/rsm:CrossIndustryInvoice/rsm:SupplyChainTradeTransaction/ram:ApplicableHeaderTradeSettlement/ram:PayeeTradeParty/ram:GlobalID,E,0..n,"SYN-1, CAR-3","GloballD, if global identifier exists and can be stated in @scheme ID, ID else"
BT-60,BT-60-1,3,0..1,Payee identifier identificati on scheme identifier,The identification scheme identifier of the Payee identifier.,S,/rsm:CrossIndustryInvoice/rsm:SupplyChainTradeTransaction/ram:ApplicableHeaderTradeSettlement/ram:PayeeTradeParty/ram:GlobalID/@schemeID,A,,,
BG-10,BT-61,2,0..1,Payee legal registration identifier,An identifier issued by an official registrar that identifies the Payee as a legal entity or person.,I,/rsm:CrossIndustryInvoice/rsm:SupplyChainTradeTransaction/ram:ApplicableHeaderTradeSettlement/ram:PayeeTradeParty/ram:SpecifiedLegalOrganization/ram:ID,E,0..1,,
BT-61,BT-61-1,3,0..1,Payee legal registration identifier identificati on scheme identifier,The identification scheme identifier of the Payee legal registration identifier.,S,/rsm:CrossIndustryInvoice/rsm:SupplyChainTradeTransaction/ram:ApplicableHeaderTradeSettlement/ram:PayeeTradeParty/ram:SpecifiedLegalOrganization/ram:ID/@schemeID,A,,,
root,BG-11,1,0..1,SELLER TAX REPRESENTATIVE PARTY   ,A group of business terms providing information about the Seller's tax representative.,,/rsm:CrossIndustryInvoice/rsm:SuppIyChainTradeTransaction/ram:ApplicableHeaderTradeAgreement/ram:SellerTaxRepresentativeTradeParty,,0..1,,
BG-11,BT-62,2,1..1,Seller tax representative name,The full name i Seller's representative party.,T,/rsm:CrossIndustryInvoice/rsm:SupplyChainTradeTransaction/ram:ApplicableHeaderTradeAgreement/ram:SellerTaxRepresentativeTradeParty/ram:Name,E,0..1,,
BG-11,BT-63,2,1..1,Seller tax representative VAT identifier,The VAT identifier of the Seller's tax representative party.,I,/rsm:CrossIndustryInvoice/rsm:SupplyChainTradeTransaction/ram:ApplicableHeaderTradeAgreement/ram:SellerTaxRepresentativeTradeParty/ram:SpecifiedTaxRegistration/ram:ID,E,0..1,CAR-3,"@scheme ID = ""VA"""
BG-11,BG-12,2,1..1,SELLER TAX REPRESENTATIVE POSTAL  ADDRESS,A group of business terms providing information about the postal address for the tax representative party.,,/rsm:CrossIndustryInvoice/rsm:SupplyChainTradeTransaction/ram:ApplicableHeaderTradeAgreement/ram:SellerTaxRepresentativeTradeParty/ram:PostalTradeAddress,E,0..1,,
BG-12,BT-64,3,0..1,Tax representative address line 1,The main address line in an address.,T,/rsm:CrossIndustryInvoice/rsm:SupplyChainTradeTransaction/ram:ApplicableHeaderTradeAgreement/ram:SellerTaxRepresentativeTradeParty/ram:PostalTradeAddress/ram:LineOne,E,0..1,,
BG-12,BT-65,3,0..1,Tax representative address line 2,An additional address line in an address that can be used to give further details supplementing the main line.,T,/rsm:CrossIndustryInvoice/rsm:SuppIyChainTradeTransaction/ram:ApplicableHeaderTradeAgreement/ram:SellerTaxRepresentativeTradeParty/ram:PostalTradeAddress/ram:LineTwo,E,0..1,,
BG-12,BT-164,3,0..1,Tax representative address line 3,An additional address line in an address that can be used to give further details supplementing the main line.,T,/rsm:CrossIndustryInvoice/rsm:SupplyChainTradeTransaction/ram:ApplicableHeaderTradeAgreement/ram:SellerTaxRepresentativeTradeParty/ram:PostalTradeAddress/ram:LineThree,E,0..1,,
BG-12,BT-66,3,0..1,Tax representative city,"The common name of the city, town or village, where the tax representative address is located.",T,/rsm:CrossIndustryInvoice/rsm:SupplyChainTradeTransaction/ram:ApplicableHeaderTradeAgreement/ram:SellerTaxRepresentativeTradeParty/ram:PostalTradeAddress/ram:CityName,E,0..1,,
BG-12,BT-67,3,0..1,Tax representative post code,The identifier for an addressable group of properties according to the relevant postal service.,T,/rsm:CrossIndustryInvoice/rsm:SupplyChainTradeTransaction/ram:ApplicableHeaderTradeAgreement/ram:SellerTaxRepresentativeTradeParty/ram:PostalTradeAddress/ram:PostcodeCode,E,0..1,,
BG-12,BT-68,3,0..1,Tax representative country subdivision,The subdivision of a country.,T,/rsm:CrossIndustryInvoice/rsm:Supp]yChainTradeTransaction/ram:ApplicableHeaderTradeAgreement/ram:SellerTaxRepresentativeTradeParty/ram:PostaITradeAddress/ram:CountrySubDivisionName,E,0..n,CAR-3,
BG-12,BT-69,3,1..1,Tax representative country code,A code identifies country.,C,/rsm:CrossIndustryInvoice/rsm:SupplyChainTradeTransaction/ram:ApplicableHeaderTradeAgreement/ram:SellerTaxRepresentativeTradeParty/ram:PostalTradeAddress/ram:CountryID,E,0..1,,
root,BG-13,1,0..1,DELIVERY INFORMATION,A group of business terms providing information about where and when the goods and services invoiced are delivered.,,/rsm:CrossIndustryInvoice/rsm:SupplyChainTradeTransaction/ram:ApplicableHeaderTradeDelivery/ram:ShipToTradeParty,E,0..1,STR-3,
BG-13,BT-70,2,0..1,Deliver to party name,The name of the party to which the goods and services are delivered.,T,/rsm:CrossIndustryInvoice/rsm:SupplyChainTradeTransaction/ram:AppIicableHeaderTradeDelivery/ram:ShipToTradeParty/ram:Name,E,0..1,,
BG-13,BT-71,2,0..1,Deliver to location identifier,An identifier for the location at which the goods and services are delivered.,I,/rsm:CrossIndustryInvoice/rsm:SupplyChainTradeTransaction/ram:ApplicableHeaderTradeDelivery/ram:ShipToTradeParty/ram:ID,E,0..n,"SYN-1, CAR-3","GloballD, if global identifier exists and can be stated in @scheme ID, ID else   "
BG-13,BT-71,2,0..1,Deliver to location identifier,An identifier for the location at which the goods and services are delivered.,I,/rsm:CrossIndustryInvoice/rsm:SupplyChainTradeTransaction/ram:ApplicableHeaderTradeDelivery/ram:ShipToTradeParty/ram:GlobalID,E,0..n,"SYN-1, CAR-3","GloballD, if global identifier exists and can be stated in @scheme ID, ID else"
BT-71,BT71-1,3,0..1,Deliver to location identifier identificati on  scheme identifier,The identification scheme identifier of the Deliver to location identifier.,S,/rsm:CrossIndustryInvoice/rsm:SupplyChainTradeTransaction/ram:ApplicableHeaderTradeDelivery/ram:ShipToTradeParty/ram:GlobalID/@schemeID,A,,,
BG-13,BT-72,2,0..1,Actual delivery date,The date on which the delivery is made.,D,/rsm:CrossIndustryInvoice/rsm:SupplyChainTradeTransaction/ram:ApplicableHeaderTradeDelivery/ram:ActualDeliverySupplyChainEvent/ram:OccurrenceDateTime/udt:DateTimeString,,1..1,,"@format = ""102"""
BG-13,BG-14,2,0..1,DELIVERY OR INVOICE PERIOD,A group of business terms providing information on the invoice period.,,/rsm:CrossIndustryInvoice/rsm:SupplyChainTradeTransaction/ram:ApplicableHeaderTradeSettlement/ram:BillingSpecifiedPeriod,E,0..1,,
BG-14,BT-73,3,0..1,Invoicing period start date,The date when the Invoice period starts.,D,/rsm:CrossIndustryInvoice/rsm:SupplyChainTradeTransaction/ram:ApplicableHeaderTradeSettlement/ram:BillingSpecifiedPeriod/ram:StartDateTime/udt:DateTimeString,E,1..1,"SYN-2, CAR-2","@format =""102"""
BT-73,BT-73-1,4,0..1,Invoicing period start date,The date when the Invoice period starts.,D,/rsm:CrossIndustryInvoice/rsm:SupplyChainTradeTransaction/ram:ApplicableHeaderTradeSettlement/ram:BillingSpecifiedPeriod/ram:StartDateTime/udt:DateTimeString/@format,A,,,"Only value ""102"""
BG-14,BT-74,3,0..1,Invoicing period end date,The date when the Invoice period ends.,D,/rsm:CrossIndustryInvoice/rsm:SupplyChainTradeTransaction/ram:ApplicableHeaderTradeSettlement/ram:BillingSpecifiedPeriod/ram:EndDateTime/udt:DateTimeStr!ng,E,1..1,"SYN-2, CAR-2","@format =""102"""
BT-74,BT-74-1,4,0..1,Invoicing period end date,The date when the Invoice period ends.,D,/rsm:CrossIndustryInvoice/rsm:SupplyChainTradeTransaction/ram:ApplicableHeaderTradeSettlement/ram:BillingSpecifiedPeriod/ram:EndDateTime/udt:DateTimeString/@format,A,,,"Only value ""102"""
BG-13,BG-15,2,0..1,DELIVER TO ADDRESS,A group of business terms providing information about the address to which goods and services invoiced were or are delivered.,,/rsm:CrossIndustryInvoice/rsm:SupplyChainTradeTransaction/ram:ApplicableHeaderTradeDelivery/ram:ShipToTradeParty/ram:PostalTradeAddress,E,0..1,,
BG-15,BT-75,3,0..1,Deliver to address line 1,The main address line in an address.,T,/rsm:CrossIndustrylnvoice/rsm:SupplyChainTradeTransaction/ram:ApplicableHeaderTradeDelivery/ram:ShipToTradeParty/ram:PostalTradeAddress/ram:LineOne,E,0..1,,
BG-15,BT-76,3,0..1,Deliver to address line 2,An additional address line in an address that can be used to give further details supplementing the main line.,T,/rsm:CrossIndustryInvoice/rsm:SupplyChainTradeTransaction/ram:ApplicableHeaderTradeDeIivery/ram:ShipToTradeParty/ram:PostalTradeAddress/ram:LineTwo,E,0..1,,
BG-15,BT-165,3,0..1,Deliver to address line 3,An additional address line in an address that can be used to give further details supplementing the main line.,T,/rsm:CrossIndustryInvoice/rsm:SupplyChainTradeTransaction/ram:ApplicabIeHeaderTradeDelivery/ram:ShipToTradeParty/ram:PostaITradeAddress/ram:LineThree,E,0..1,,
BG-15,BT-77,3,0..1,Deliver to city,"The common name of the city, town or village, where the deliver to address is located.",T,/rsm:CrossIndustryInvoice/rsm:SupplyChainTradeTransaction/ram:ApplicableHeaderTradeDelivery/ram:ShipToTradeParty/ram:PostalTradeAddress/ram:CityName,E,0..1,,
BG-15,BT-78,3,0..1,Deliver to post code,The identifier for an addressable group of properties according to the relevant postal service.,T,/rsm:CrossIndustryInvoice/rsm:SupplyChainTradeTransaction/ram:ApplicableHeaderTradeDelivery/ram:ShipToTradeParty/ram:PostalTradeAddress/ram:PostcodeCode,E,0..1,,
BG-15,BT-79,3,0..1,Deliver to country subdivision,The subdivision of a country.,T,/rsm:CrossIndustryInvoice/rsm:SupplyChainTradeTransaction/ram:ApplicableHeaderTradeDelivery/ram:ShipToTradeParty/ram:PostalTradeAddress/ram:CountrySubDivisionName,E,0..n,CAR-3,
BG-15,BT-80,3,1..1,Deliver to country code,A code identifies country.,C   ,/rsm:CrossIndustryInvoice/rsm:SupplyChainTradeTransaction/ram:ApplicableHeaderTradeDelivery/ram:ShipToTradeParty/ram:PostalTradeAddress/ram:CountryID,E,0..1,,
root,BG-16,1,0..1,PAYMENT INSTRUCTIONS,A group of business terms providing information about the payment.,,/rsm:CrossIndustryInvoice/rsm:SupplyChainTradeTransaction/ram:ApplicableHeaderTradeSettlement/ram:SpecifiedTradeSettlementPaymentMeans,E,0..n,STR-3,
BG-16,BT-81,2,1..1,Payment means type code,"The means, expressed as code, for how a payment is expected to be or has been settled.",C,/rsm:CrossIndustryInvoice/rsm:SupplyChainTradeTransaction/ram:ApplicableHeaderTradeSettlement/ram:SpecifiedTradeSettlementPaymentMeans/ram:TypeCode,E,0..1,CAR-2,
BG-16,BT-82,2,0..1,Payment means text,"The means, expressed as text, for how a payment is expected to be or has been settled.",T,/rsm:CrossIndustryInvoice/rsm:SupplyChainTradeTransaction/ram:ApplicableHeaderTradeSettlement/ram:SpecifiedTradeSettlementPaymentMeans/ram:Information,E,0..n,CAR-3,
BG-16,BT-83,2,0..1,Remittance information,"A textual value used to establish a link between the payment and the Invoice, issued by the Seller.",T,/rsm:CrossIndustiyInvoice/rsm:SupplyChainTradeTransaction/ram:ApplicableHeaderTradeSettlement/ram:PaymentReference,E,0..n,CAR-3,
BG-16,BG-17,2,0..n,CREDIT TRANSFER,A group of business terms to specify credit transfer payments.,,/rsm:CrossIndustryInvoice/rsm:SupplyChainTradeTransaction/ram:ApplicableHeaderTradeSettlement/ram:SpecifiedTradeSettlementPaymentMeans/ram:PayeePartyCreditorFinancialAccount,E,0..1,STR-3 CAR-4,
BG-17,BT-84,3,1..1,Payment account identifier,"A unique identifier of the financial payment account, at a payment service provider, to which payment should be made.",I,/rsm:CrossIndustryInvoice/rsm:SupplyChainTradeTransaction/ram:ApplicableHeaderTradeSettlement/ram:SpecifiedTradeSettlementPaymentMeans/ram:PayeePartyCreditorFinancialAccount/ram:IBANID,E,0..1,"CAR-2, SEM-2","Use IBANID if applicable, ProprietarylD else"
BG-17,BT-84,3,1..1,Payment account identifier,"A unique identifier of the financial payment account, at a payment service provider, to which payment should be made.",I,/rsm:CrossIndustryInvoice/rsm:SupplyChainTradeTransaction/ram:ApplicableHeaderTradeSettlement/ram:SpecifiedTradeSettlementPaymentMeans/ram:PayeePartyCreditorFinancialAccount/ram:ProprietarylD,E,0..1,"CAR-2, SEM-2","Use IBANID if applicable, ProprietarylD else"
BG-17,BT-85,3,0..1,Payment account name,"The name of the payment account, at a payment service provider, to which payment should be made.",T,/rsm:CrossIndustryInvoice/rsm:SupplyChainTradeTransaction/ram:ApplicableHeaderTradeSettlement/ram:SpecifiedTradeSettlementPaymentMeans/ram:PayeePartyCreditorFinancialAccount/ram:AccountName,E,0..1,,
BG-17,BT-86,3,0..1,Payment service provider identifier,An identifier for the payment service provider where a payment account is located.,I,rsm:CrossIndustryInvoice/rsm:SupplyChainTradeTransaction/ram:ApplicableHeaderTradeSettlement/ram:SpecifiedTradeSettlementPaymentMeans/ram:PayeeSpecifiedCreditorFinancialInstitution/ram:BICID,E,0..1,,Use for direct debit
BG-17,BT-86,3,0..1,Payment service provider identifier,An identifier for the payment service provider where a payment account is located.,I,/rsm:CrossIndustryInvoice/rsm:SupplyChainTradeTransaction/ram:ApplicableHeaderTradeSettlement/ram:SpecifiedTradeSettlementPaymentMeans/ram:PayeeSpecifiedCreditorFinancialInstitution/ram:BICID,E,0..1,STR-3,Use for credit transfer
BG-16,BG-18,2,0..1,PAYMENT CARD INFORMATION,A group of business terms providing information about card used for payment contemporaneous with invoice issuance.,,/rsm:CrossIndustryInvoice/rsm:SupplyChainTradeTransaction/ram:ApplicableHeaderTradeSettlement/ram:SpecifiedTradeSettlementPaymentMeans/ram:ApplicableTradeSettlementFinancialCard,E,0..1,,
BG-18,BT-87,3,1..1,Payment card primary account number,The Primary Account Number (PAN) of the card used for payment.,T,/rsm:CrossIndustryInvoice/rsm:SupplyChainTradeTransaction/ram:ApplicableHeaderTradeSettlement/ramiSpecifiedTradeSettlementPaymentMeans/ram:ApplicableTradeSettlementFinancialCard/ram:ID,E,0..1,CAR-2,
BG-18,BT-88,3,0..1,Payment card holder name,The name of the payment card holder.,T,/rsm:CrossIndustryInvoice/rsm:SupplyChainTradeTransaction/ram:ApplicableHeaderTradeSettlement/ram:SpecifiedTradeSettlementPaymentMeans/ram:ApplicableTradeSettlementFinancialCard/ram:CardholderName,,0..1   ,,
BG-16,BG-19,2,0..1,DIRECT DEBIT,A group of business terms to specify a direct debit.,,/rsm:CrossIndustryInvoice/rsm:SupplyChainTradeTransaction/ram:ApplicableHeaderTradeSettlement,E,1..1,STR-3,
BG-19,BT-89,3,0..1,Mandate reference identifier,Unique identifier assigned by the Payee for referencing the direct debit mandate.,I,/rsm:CrossIndustryInvoice/rsm:SupplyChainTradeTransaction/ram:ApplicableHeaderTradeSettlement/ram:SpecifiedTradePaymentTerms/ram:DirectDebitMandatelD,E,0..n,,
BG-19,BT-90,3,0..1,Bank assigned creditor identifier,Unique banking reference identifier of the Payee or Seller assigned by the Payee or Seller bank.,I,/rsm:CrossIndustryInvoice/rsm:SupplyChainTradeTransaction/ram:ApplicableHeaderTradeSettlement/ram:CreditorReferenceID,E,0..1,,
BG-19,BT-91,3,0..1,Debited account identifier,The account to be debited by the direct debit.,I,/rsm:CrossIndustryInvoice/rsm:SupplyChainTradeTransaction/ram:ApplicableHeaderTradeSettlement/ram:SpecifiedTradeSettlementPaymentMeans/ram:PayerPartyDebtorFinancialAccount/ram:IBANID,E,0..1,,
root,BG-20,1,0..n,DOCUMENT LEVEL ALLOWANCES,A group of business terms providing information about allowances applicable to the Invoice as a whole.,,/rsm:CrossIndustryInvoice/rsm:SupplyChainTradeTransaction/ram:ApplicableHeaderTradeSettlement/ram:SpecifiedTradeA]lowanceCharge,E,0..n,STR-4,Chargeln dicator = false
BG-20,BT-92,2,1..1,Document level allowance amount,"The amount of an allowance, without VAT.",A,/rsm:CrossIndustryInvoice/rsm:SupplyChainTradeTransaction/ram:ApplicableHeaderTradeSettlement/ram:SpecifiedTradeAllowanceCharge/ram:ActualAmount,E,0..n,"CAR-2, CAR-3",
BG-20,BT-93,2,0..1,Document level allowance base amount,"The base amount that may be used, in conjunction with the document level allowance percentage, to calculate the document  level allowance amount.",A,/rsm:CrossIndustryInvoice/rsm:SupplyChainTradeTransaction/ram:ApplicableHeaderTradeSettlement/ramiSpecifiedTradeAllowanceCharge/ram:BasisAmount,E,0..1,,
BG-20,BT-94,2,0..1,Document level allowance percentag e,"The percentage that may be used, in conjunction with the document level allowance base amount, to calculate the document  level allowance amount.",P,/rsm:CrossIndustryInvoice/rsm:SupplyChainTradeTransaction/ram:ApplicableHeaderTradeSettlement/ram:SpecifiedTradeAllowanceCharge/ram:CalculationPercent,E,0..1,,
BG-20,BT-95,2,1..1,Document level allowance VAT category code,A coded identification of what VAT category applies to the document level allowance.,C,/rsm:CrossIndustryInvoice/rsm:SupplyChainTradeTransaction/ram:ApplicableHeaderTradeSettlement/ram:SpecifiedTradeAllowanceCharge/ram:CategoryTradeTax/ram:TypeCode,E,0..1,,"Fixed value ""VAT"""
BG-20,BT-95,2,1..1,Document level allowance VAT category code,A coded identification of what VAT category applies to the document level allowance.,C,/rsm:CrossIndustryInvoice/rsm:SupplyChainTradeTransaction/ram:ApplicableHeaderTradeSettlement/ram:SpecifiedTradeAllowanceCharge/ram:CategoryTradeTax/ram:CategoryCode,E,0..1,,
BG-20,BT-96,2,0..1,Document level allowance VAT rate,"The VAT rate, represented as percentage that applies to the document level allowance.",P,/rsm:CrossIndustryInvoice/rsm:SupplyChainTradeTransaction/ram:ApplicableHeaderTradeSettlement/ram:SpecifiedTradeAllowanceCharge/ram:CategoryTradeTax/ram:RateApplicablePercent,E,0..1,,
BG-20,BT-97,2,0..1,Document level allowance reason,"The reason for the document level allowance, expressed as text.",T,/rsm:CrossIndustryInvoice/rsm:SupplyChainTradeTransaction/ram:ApplicableHeaderTradeSettlement/ram:SpecifiedTradeAllowanceCharge/ram:Reason,E,0..1,,
BG-20,BT-98,2,0..1,Document level allowance reason code,"The reason for the document level allowance, expressed as a code.  The reason for the document level allowance, expressed as a code.",C,/rsm:CrossIndustryInvoice/rsm:SupplyChainTradeTransaction/ram:ApplicableHeaderTradeSettlement/ram:SpecifiedTradeAllowanceCharge/ram:ReasonCode,E,0..1,,
root,BG-21,1,0..n,DOCUMENT LEVEL CHARGES,"A group of business terms providing information about charges and taxes other than VAT, applicable to the Invoice as a whole.",,/rsm:CrossIndustryInvoice/rsm:SupplyChainTradeTransaction/ram:ApplicableHeaderTradeSettlement/ram:SpecifiedTradeAllowanceCharge,E,0..n,STR-4,Chargeln dicator = true   
BG-21,BT-99,2,1..1,Document level charge amount,"The amount of a charge, without VAT.",A,/rsm:CrossIndustryInvoice/rsm:SupplyChainTradeTransaction/ram:ApplicableHeaderTradeSettlement/ramiSpecifiedTradeAllowanceCharge/ram:ActualAmount,E,0..n,"CAR-2, CAR-3",
BG-21,BT-100,2,0..1,Document level charge base amount,"The base amount that may be used, in conjunction with the document level charge percentage, to calculate the document level  charge amount.",A,/rsm:CrossIndustryInvoice/rsm:SupplyChainTradeTransaction/ram:ApplicableHeaderTradeSettlement/ram:SpecifiedTradeAllowanceCharge/ram:BasisAmount,E,0..1,,
BG-21,BT-101,2,0..1,Document level charge percentag e,"The percentage that may be used, in conjunction with the document level charge base amount, to calculate the document level  charge amount.",P,/rsm:CrossIndustryInvoice/rsm:SupplyChainTradeTransaction/ram:ApplicableHeaderTradeSettlement/ram:SpecifiedTradeAllowanceCharge/ram:CalculationPercent,E,0..1,,
BG-21,BT-102,2,1..1,Document level charge VAT category code,A coded identification of what VAT category applies to the document level charge.,C,/rsm:CrossIndustryInvoice/rsm:SupplyChainTradeTransaction/ram:ApplicableHeaderTradeSettlement/ram:SpecifiedTradeAllowanceCharge/ram:CategoryTradeTax/ram:TypeCode,E,0..1,,"Fixed value ""VAT"""
BG-21,BT-102,2,1..1,Document level charge VAT category code,A coded identification of what VAT category applies to the document level charge.,C,/rsm:CrossIndustryInvoice/rsm:SupplyChainTradeTransaction/ram:ApplicableHeaderTradeSettlement/ram:SpecifiedTradeAllowanceCharge/ram:CategoryTradeTax/ram:CategoryCode,E,0..1,,
BG-21,BT-103,2,0..1,Document level charge VAT rate,"The VAT rate, represented as percentage that applies to the document level charge.",P,/rsm:CrossIndustryInvoice/rsm:SupplyChainTradeTransaction/ram:ApplicableHeaderTradeSettlement/ram:SpecifiedTradeAllowanceCharge/ram:CategoryTradeTax/ram:RateApplicablePercent,E,0..1,,
BG-21,BT-104,2,0..1,Document level charge reason,"The reason for the document level charge, expressed as text.",T,/rsm:CrossIndustryInvoice/rsm:SupplyChainTradeTransaction/ram:ApplicableHeaderTradeSettlement/ramiSpecifiedTradeAllowanceCharge/ram:Reason,E,0..1,,
BG-21,BT-105,2,0..1,Document level charge reason code,"The reason for the document level charge, expressed as a code.",C,/rsm:CrossIndustryInvoice/rsm:SupplyChainTradeTransaction/ram:ApplicableHeaderTradeSettlement/ram:SpecifledTradeAllowanceCharge/ram:ReasonCode,E,0..1,,
root,BG-22,1,1..1,DOCUMENT TOTALS,A group of business terms providing the monetary totals for the Invoice.,,/rsm:CrossIndustryInvoice/rsm:SupplyChainTradeTransaction/ram:ApplicableHeaderTradeSettlement/ram:SpecifiedTradeSettlementHeaderMonetarySummation,E,0..1,,
BG-22,BT-106,2,1..1,Sum of Invoice line net amount,Sum of all Invoice line net amounts in the Invoice.,A,/rsm:CrossIndustryInvoice/rsm:SupplyChainTradeTransaction/ram:ApplicableHeaderTradeSettlement/ram:SpecifiedTradeSettlementHeaderMonetarySummation/ram:LineTotalAmount,E,0..n,"CAR-2, CAR-3",
BG-22,BT-107,2,0..1,Sum of allowance s on document level,Sum of all allowances on document level in the Invoice.,A,/rsm:CrossIndustiyInvoice/rsm:SupplyChainTradeTransaction/ram:ApplicableHeaderTradeSettlement/ram:SpecifiedTradeSettlementHeaderMonetarySummation/ram:AllowanceTotalAmount,E,0..n,CAR-3,
BG-22,BT-108,2,0..1,Sum of charges on document level,Sum of all charges on document level in the Invoice.,A,/rsm:CrossIndustryInvoice/rsm:SupplyChainTradeTransaction/ram:ApplicableHeaderTradeSettlement/ram:SpecifiedTradeSettlementHeaderMonetarySummation/ram:ChargeTotalAmount,E,0..n,CAR-3,
BG-22,BT-109,2,1..1,Invoice total amount without VAT,The total amount of the Invoice without VAT.,A,/rsm:CrossIndustiyInvoice/rsm:SupplyChainTradeTransaction/ram:ApplicableHeaderTradeSettlement/ram:SpecifiedTradeSettlementHeaderMonetarySummation/ram:TaxBasisTotalAmount,E,0..n,"CAR-2, CAR-3",
BG-22,BT-110,2,0..1,Invoice total VAT amount,The total amount for Invoice.,A,/rsm:CrossIndustryInvoice/rsm:SuppIyChainTradeTransaction/ram:ApplicableHeaderTradeSettlement/ram:SperifiedTradeSettlementHeaderMonetarySummation/ram:TaxTotalAmount,E,0..n,"STR-4, CAR-3",@currenc yID is mandator y to differenti ate between VAT amount and VAT amount in accountin g currency.
BG-22,BT-111,2,0..1,Invoice total VAT amount in accounting  currency   ,The VAT total amount expressed in the accounting currency accepted or required in the country of the Seller.,A,/rsm:CrossIndustryInvoice/rsm:SupplyChainTradeTransaction/ram:ApplicableHeaderTradeSettlement/ram:SpecifiedTradeSettlementHeaderMonetarySummation/ram:TaxTotalAmount,E,0..n,"STR-4, CAR-3",@currenc yID is mandator y to differenti ate between VAT amount and VAT amount in accountin g currency.
BG-22,BT-112,2,1..1,Invoice total amount with VAT,The total amount of the Invoice with VAT.,A,/rsm:CrossIndustryInvoice/rsm:SupplyChainTradeTransaction/ram:ApplicableHeaderTradeSettlement/ram:SpecifiedTradeSettlementHeaderMonetarySummation/ram:GrandTotalAmount,E,0..n,"CAR-2, CAR-3",
BG-22,BT-113,2,0..1,Paid amount,The sum of amounts which have been paid in advance.,A,/rsm:CrossIndustryInvoice/rsm:SupplyChainTradeTransaction/ram:ApplicableHeaderTradeSettlement/ram:SpecifiedTradeSettlementHeaderMonetarySummation/ram:TotalPrepaidAmount,E,0..n,CAR-3,
BG-22,BT-114,2,0..1,Rounding amount,The amount to be added to the invoice total to round the amount to be paid.,A,/rsm:CrosslndustryInvoice/rsm:SupplyChainTradeTransaction/ram:ApplicableHeaderTradeSettlement/ram:SpecifiedTradeSettlementHeaderMonetarySummation/ram:RoundingAmount,E,0..n,CAR-3,
BG-22,BT-115,2,1..1,Amount due for payment,The outstanding amount that is requested to be paid.,A,/rsm:CrossIndustryInvoice/rsm:SupplyChainTradeTransaction/ram:ApplicableHeaderTradeSettlement/ram:SpecifiedTradeSettlementHeaderMonetarySummation/ram:DuePayableAmount,E,0..n,"CAR-2, CAR-3",
root,BG-23,1,l..n,VAT BREAKDOWN,"A group of business terms providing information about VAT breakdown by different categories, rates and exemption reasons",,/rsm:CrossIndustryInvoice/rsm:SupplyChainTradeTransaction/ram:ApplicableHeaderTradeSettlement/ram:ApplicableTradeTax,E,0..n,CAR-2,
BG-23,BT-116,2,1..1,VAT category taxable amount,Sum of all taxable amounts subject to a specific VAT category code and VAT category rate (if the VAT category rate is  applicable).,A,/rsm:CrossIndustryInvoice/rsm:SupplyChainTradeTransaction/ram:ApplicableHeaderTradeSettlement/ram:ApplicableTradeTax/ram:BasisAmount,E,0..n,"CAR-2, CAR-3",
BG-23,BT-117,2,1..1,VAT category tax amount,The total VAT amount for a given VAT category.,A,/rsm:CrossIndustryInvoice/rsm:SupplyChainTradeTransaction/ram:ApplicableHeaderTradeSettlement/ram:ApplicableTradeTax/ram:CalculatedAmount,E,0..n,"CAR-2, CAR-3",
BG-23,BT-118,2,1..1,VAT category code,Coded identification of a VAT category.,C,/rsm:CrossIndustryInvoice/rsm:SupplyChainTradeTransaction/ram:ApplicableHeaderTradeSettlement/ram:Applicab]eTradeTax/ram:TypeCode,E,0..1,,"Fixed value ""VAT"""
BG-23,BT-118,2,1..1,VAT category code,Coded identification of a VAT category.,C,/rsm:CrossIndustryInvoice/rsm:SupplyChainTradeTransaction/ram:ApplicableHeaderTradeSettIement/ram:ApplicableTradeTax/ram:CategoryCode,E,0..1,CAR-2,
BG-23,BT-119,2,0..1,VAT category rate,"The VAT rate, represented as percentage that applies for the relevant VAT category.",P,/rsm:CrossIndustryInvoice/rsm:SupplyChainTradeTransaction/ram:ApplicableHeaderTradeSettlement/ram:ApplicableTradeTax/ram:RateApplicablePercent,E,0..1,,
BG-23,BT-120,2,0..1,VAT exemption reason text,A textual statement of the reason why the amount is exempted from VAT or why no VAT is being charged,T,/rsm:CrossIndustryInvoice/rsm:SupplyChainTradeTransaction/ram:ApplicableHeaderTradeSettlement/ram:ApplicableTradeTax/ram:ExemptionReason,E,0..1,,
BG-23,BT-121,2,0..1,VAT exemption reason code,A coded statement of the reason for why the amount is exempted from VAT.,C,/rsm:CrossIndustryInvoice/rsm:SupplyChainTradeTransaction/ram:ApplicableHeaderTradeSettlement/ram:ApplicableTradeTax/ram:ExemptionReasonCode,E,0..1,,
root,BG-24,1,0..n,ADDITIONAL SUPPORTING DOCUMENTS,A group of business terms providing information about additional supporting documents substantiating the claims made in the  Invoice.,,/rsm:CrossIndustryInvoice/rsm:SupplyChainTradeTransaction/ram:ApplicableHeaderTradeAgreement/ram:AdditionalReferencedDocument,E,0..n,,
BG-24,BT-122,2,1..1,Supportin g document reference,An identifier of the supporting document.,0,/rsm:CrossIndustryInvoice/rsm:SupplyChainTradeTransaction/ram:ApplicableHeaderTradeAgreement/ram:AdditionalReferencedDocument/ram:IssuerAssignedID,E,0..1,CAR-2,"Use for ""ADDITIONAL SUPPORTING DOCUMENTS"" with TypeCode ""916"""
BG-24,BT-122,2,1..1,Supportin g document reference,An identifier of the supporting document.,0,/rsm:CrossIndustryInvoice/rsm:SupplyChainTradeTransaction/ram:ApplicableHeaderTradeAgreement/ram:AdditionalReferencedDocument/ram:TypeCode,E,0..1,CAR-2,"Use for ""ADDITIONAL SUPPORTING DOCUMENTS"" with TypeCode ""916"""
BG-24,BT-123,2,0..1,Supportin g document descriptio n,A description of the supporting document.,T,/rsm:CrossIndustryInvoice/rsm:SupplyChainTradeTransaction/ram:ApplicableHeaderTradeAgreement/ram:AdditionalReferencedDocument/ram:Name,E,0..n,CAR-3,
BG-24,BT-124,2,0..1,External document location,The URL (Uniform Resource Locator) that identifies where the external document is located.,T,/rsm:CrossIndustryInvoice/rsm:SupplyChainTradeTransaction/ram:ApplicableHeaderTradeAgreement/ram:AdditionalReferencedDocument/ram:URIID,E,0..1,,
BG-24,BT-125,2,0..1,Attached document,An attached document embedded as binary object or sent together with the invoice.,B,/rsm:CrosslndustryInvoice/rsm:SupplyChainTradeTransaction/ram:ApplicableHeaderTradeAgreement/ram:AdditionalReferencedDocument/ram:AttachmentBinaryObject,E,0..n,CAR-3,
BT-125,BT-125-1,3,1..1,Attached document Mime code,The mime code of the attached document.,S,/rsm:CrossIndustryInvoice/rsm:SupplyChainTradeTransaction/ram:ApplicableHeaderTradeAgreement/ram:AdditionalReferencedDocument/ram:AttachmentBinaryObject/@mimeCode,A,,CAR-2,
BT-125,BT-125-2,3,1..1,Attached document Filename,The file name of the attached document,S,/rsm:CrossIndustryInvoice/rsm:SuppIyChainTradeTransaction/ram:ApplicableHeaderTradeAgreement/ram:AdditionalReferencedDocument/ram:AttachmentBinaryObject/@filename,A,,CAR-2,
root,BG-25,1,l..n,INVOICE LINE,A group of business terms providing information on individual Invoice lines.,,/rsm:CrossIndustryInvoice/rsm:SupplyChainTradeTransaction/ram:IncludedSupplyChainTradeLineltem,E,0..n,CAR-2,
BG-25,BT-126,2,1..1,Invoice line identifier,A unique identifier for the individual line within the Invoice.,I,/rsm:CrossIndustryInvoice/rsm:SupplyChainTradeTransaction/ram:IncludedSupplyChainTradeLineItem/ram:AssociatedDocumentLineDocument/ram:LineID,E,0..1,CAR-2,
BG-25,BT-127,2,0..1,Invoice line note,A textual note that gives unstructured information that is relevant to the Invoice line.,T,/rsm:CrossIndustryInvoice/rsm:SupplyChainTradeTransaction/ram:IncludedSupplyChainTradeLineItem/ram:AssociatedDocumentLineDocument/ram:IncludedNote/ram:Content,E,0..n,CAR-3,
BG-25,BT-128,2,0..1,Invoice line object identifier,"An identifier for an object on which the invoice line is based, given by the Seller.",I,/rsm:CrossIndustryInvoice/rsm:SupplyChainTradeTransaction/ram:IncludedSupplyChainTradeLineItem/ram:SpecifiedLineTradeSettlement/ram:AdditionalReferencedDocument/ram:IssuerAssignedID,E,0..1,,"Use with TypeCode ""130"""
BG-25,BT-128,2,0..1,Invoice line object identifier,"An identifier for an object on which the invoice line is based, given by the Seller.",I,/rsm:CrossIndustryInvoice/rsm:SupplyChainTradeTransaction/ram:IncludedSupplyChainTradeLineItem/ram:SpecifiedLineTradeSettlement/ram:AdditionalReferencedDocument/ram:TypeCode,E,0..1,,"TypeCode ""130"""
BG-25,BT-128-1,3,0..1,Invoice line object identifier identificati on  scheme identifier,The identification scheme identifier of the Invoice line object identifier.,S,/rsm:CrossIndustryInvoice/rsm:SupplyChainTradeTransaction/ram:IncludedSupplyChainTradeLineItem/ram:SpecifiedLineTradeSettlement/ram:AdditionalReferencedDocument/ram:ReferenceTypeCode,E,0..1,,
BG-25,BT-129,2,1..1,Invoiced quantity,The quantity of items (goods or services) that is charged in the Invoice line.,Q,/rsm:CrossIndustryInvoice/rsm:SupplyChainTradeTransaction/ram:IncludedSupplyChainTradeLineItem/ram:SpecifiedLineTradeDelivery/ram:BilledQuantity,E,0..1,CAR-2,
BG-25,BT-130,2,1..1,Invoiced quantity unit of measure,The unit of measure that applies to the invoiced quantity.,C,/rsm:CrossIndustryInvoice/rsm:SupplyChainTradeTransaction/ram:IncludedSupplyChainTradeLineItem/ram:SpecifiedLineTradeDelivery/ram:BilledQuantity/@unitCode,A,,CAR-2,
BG-25,BT-131,2,1..1,Invoice line net amount,The total amount of the Invoice line.,A,/rsm:CrossIndustryInvoice/rsm:SupplyChainTradeTransaction/ram:IncludedSupplyChainTradeLineItem/ram:SpecifiedLineTradeSettlement/ram:SpecifiedTradeSettlementLineMonetarySummation/ram:LineTotalAmount,E,0..n,"CAR-2, CAR-3",
BG-25,BT-132,2,0..1,Reference d purchase order line reference,"An identifier for a referenced line within a purchase order, issued by the Buyer.",0,/rsm:CrossIndustryInvoice/rsm:SupplyChainTradeTransaction/ram:IncludedSupplyChainTradeLineItem/ram:SpecifiedLineTradeAgreement/ram:BuyerOrderReferencedDocument/ram:LineID,E,0..1,,
BG-25,BT-133,2,0..1,Invoice line Buyer accounting reference,A textual value that specifies where to book the relevant data into the Buyer's financial accounts.,T,/rsm:CrossIndustryInvoice/rsm:SupplyChainTradeTransaction/ram:IncludedSupplyChainTradeLineItem/ram:SpecifiedLineTradeSettlement/ram:ReceivableSpecifiedTradeAccountingAccount/ram:ID,E,1..1,CAR-3,
BG-25,BG-26,2,0..1,INVOICE LINE PERIOD,A group of business terms providing information about the period relevant for the Invoice line.,,/rsm:CrossIndustryInvoice/rsm:SupplyChainTradeTransaction/ram:IncludedSupplyChainTradeLineItem/ram:SpecifiedLineTradeSettlement/ram:BillingSpecifiedPeriod,E,0..1,,
BG-26,BT-134,3,0..1,Invoice line period start date,The date when the Invoice period for this Invoice line starts.,D,/rsm:CrossIndustryInvoice/rsm:SupplyChainTradeTransaction/ram:IncludedSupplyChainTradeLineItem/ram:SpecifiedLineTradeSettlement/ram:BillingSpecifiedPeriod/ram:StartDateTime/udt:DateTimeString,E,1..1,CAR-2,"@format = ""102"""
BG-26,BT-134,3,0..1,Invoice line period start date,The date when the Invoice period for this Invoice line starts.,D,/rsm:CrossIndustryInvoice/rsm:SupplyChainTradeTransaction/ram:IncludedSupplyChainTradeLineltem/ranrSpecifiedLineTradeSettlement/ram:BillingSpecifiedPeriod/ram:StartDateTime/udt:DateTimeString/@format,A,,,"Only value ""102"""
BG-26,BT-135,3,0..1,Invoice line period end date,The date when the Invoice period for this Invoice line ends.,D,/rsm:CrossIndustryInvoice/rsm:SupplyChainTradeTransaction/ram:IncludedSupplyChainTradeLineItem/ram:SpecifiedLineTradeSet±lement/ram:BillingSpecifiedPeriod/ram:EndDateTime/udt:DateTimeString,E,1..1,,"@format =""102"""
BG-26,BT-135,3,0..1,Invoice line period end date,The date when the Invoice period for this Invoice line ends.,D,/rsm:CrossIndustryInvoice/rsm:SupplyChainTradeTransaction/ram:IncludedSupplyChainTradeLineItem/ram:SpecifiedLineTradeSettlement/ram:BillingSpecifiedPeriod/ram:EndDateTime/udt:DateTimeString/@format,A,,,"Only value ""102"""
BG-25,BG-27,2,0..n,INVOICE LINE ALLOWANCES,A group of business terms providing information about allowances applicable to the individual Invoice line.,,/rsm:CrossIndustryInvoice/rsm:SupplyChainTradeTransaction/ram:IncludedSupplyChainTradeLineItem/ram:SpecifiedLineTradeSettlement/ram:SpecifiedTradeAllowanceCharge,E,0..n,STR-4,Chargeln dicator = false
BG-27,BT-136,3,1..1,Invoice line allowance amount,"The amount of an allowance, without VAT.",A,/rsm:CrossIndustryInvoice/rsm:SupplyChainTradeTransaction/ram:IncludedSupplyChainTradeLineItem/ram:SpecifiedLineTradeSettlement/ram:SpecifiedTradeAllowanceCharge/ram:ActualAmount,E,0..n,CAR-2,
BG-27,BT-137,3,0..1,Invoice line allowance base amount,"The base amount that may be used, in conjunction with the Invoice line allowance percentage, to calculate the Invoice line  allowance amount.",A,/rsm:CrossIndustryInvoice/rsm:SupplyChainTradeTransaction/ram:IncludedSupplyChainTradeLineItem/ram:SpecifiedLineTradeSettlement/ram:SpecifiedTradeAllowanceCharge/ram:BasisAmount,E,0..1,,
BG-27,BT-138,3,0..1,Invoice line allowance percentag e,"The percentage that may be used, in conjunction with the Invoice line allowance base amount, to calculate the Invoice line  allowance amount.",P,/rsm:CrossIndustryInvoice/rsm:SupplyChainTradeTransaction/ram:IncludedSupplyChainTradeLineItem/ram:SpecifiedLineTradeSettlement/ram:SpecifiedTradeAl]owanceCharge/ram:CalculationPercent,E,0..1,,
BG-27,BT-139,3,0..1,Invoice line allowance reason,"The reason for the Invoice line allowance, expressed as text.",T,/rsm:CrossIndustryInvoice/rsm:SupplyChainTradeTransaction/ram:IncludedSupplyChainTradeLineItem/ram:SpecifiedLineTradeSettlement/ram:SpecifiedTradeAllowanceCharge/ram:Reason,E,0..1,,
BG-27,BT-140,3,0..1,Invoice line allowance reason code,"The reason for the Invoice line allowance, expressed as a code.",C,/rsm:CrossIndustryInvoice/rsm:SupplyChainTradeTransaction/ram:IncludedSupplyChainTradeLineItem/ram:SpecifiedLineTradeSettlement/ram:SpecifiedTradeAllowanceCharge/ram:ReasonCode,E,0..1,,
BG-25,BG-28,2,0..n,INVOICE LINE CHARGES,A group of business terms providing information about charges and taxes other than VAT applicable to the individual Invoice line.,,/rsm:CrossIndustryInvoice/rsm:SupplyChainTradeTransaction/ram:IncludedSupplyChainTradeLineItem/ram:SpecifiedLineTradeSettlement/ram:SpecifiedTradeAllowanceCharge,E,0..n,STR-4,Chargeln dicator = true
BG-28,BT-141,3,1..1,Invoice line charge amount,"The amount of a charge, without VAT.",A,/rsm:CrossIndustryInvoice/rsm:SupplyChainTradeTransaction/ram:IncludedSupplyChainTradeLineItem/ram:SpecifiedLineTradeSettlement/ram:SpecifiedTradeAllowanceCharge/ram:ActualAmount,E,0..n,CAR-2,
BG-28,BT-142,3,0..1,Invoice line charge base amount,"The base amount that may be used, in conjunction with the Invoice line charge percentage, to calculate the Invoice line charge  amount.",A,/rsm:CrossIndustryInvoice/rsm:SupplyChainTradeTransaction/ram:IndudedSupplyChainTradeLineItem/ram:SpecifiedLineTradeSettlement/ram:SpecifiedTradeAllowanceCharge/ram:BasisAmount,E,0..1,,
BG-28,BT-143,3,0..1,Invoice line charge percentag e,"The percentage that may be used, in conjunction with the Invoice line charge base amount, to calculate the Invoice line charge  amount.",P,/rsm:CrossIndustryInvoice/rsm:SupplyChainTradeTransaction/ram:IncludedSupplyChainTradeLineItem/ram:SpecifiedLineTradeSettlement/ram:SpecifiedTradeAllowanceCharge/ram:CalculationPercent,E,0..1,,
BG-28,BT-144,3,0..1,Invoice line charge reason,"The reason for the Invoice line charge, expressed as text.",T,/rsm:CrosslndustryInvoice/rsm:SupplyChainTradeTransaction/ram:IncludedSupplyChainTradeLineItem/ram:SpecifiedLineTradeSettlement/ram:SpecifiedTradeAllowanceCharge/ram:Reason,E,0..1,,
BG-28,BT-145,3,0..1,Invoice line charge reason code,"The reason for the Invoice line charge, expressed as a code.",C,/rsm:CrossIndustryInvoice/rsm:SupplyChainTradeTransaction/ram:IncludedSupplyChainTradeLineItem/ram:SpecifiedLineTradeSettlement/ram:SpecifiedTradeAllowanceCharge/ram:ReasonCode,E,0..1,,
BG-25,BG-29,2,1..1,PRICE DETAILS,A group of business terms providing information about the price applied for the goods and services invoiced on the Invoice line.,,/rsm:CrossIndustryInvoice/rsm:SupplyChainTradeTransaction/ram:IncludedSupplyChainTradeLineItem/ram:SpecifiedLineTradeAgreement,E,0..1,STR-3,
BG-29,BT-146,3,1..1,Item price,"The price of an item, exclusive of VAT, after subtracting item price discount.",U,/rsm:CrossIndustryInvoice/rsm:SupplyChainTradeTransaction/ram:IncludedSupplyChainTradeLineItem/ram:SpecifiedLineTradeAgreement/ram:NetPriceProductTradePrice/ram:ChargeAmount,E,l..n,CAR-3,
BG-29,BT-147,3,0..1,Item price discount,The total discount subtracted from the Item gross price to calculate the Item net price.,U,/rsm:CrossIndustryInvoice/rsm:SupplyChainTradeTransaction/ram:IncludedSupplyChainTradeLineItem/ram:SpecifiedLineTradeAgreement/ram:GrossPriceProductTradePrice/ram:AppliedTradeAllowanceCharge/ram:ActualAmount,E,0..n,CAR-3,
BG-29,BT-148,3,0..1,Item gross price,"The unit price, exclusive of VAT, before subtracting Item price discount.",U,/rsm:CrossIndustryInvoice/rsm:SupplyChainTradeTransaction/ram:IncludedSupplyChainTradeLineItem/ram:SpecifiedLineTradeAgreement/ram:GrossPriceProductTradePrice/ram:ChargeAmount,E,l..n,CAR-3,
BG-29,BT-149,3,0..1,Item price base quantity,The number of item units to which the price applies.,Q,/rsm:CrossIndustryInvoice/rsm:SupplyChainTradeTransaction/ram:IncludedSupplyChainTradeLineItem/ram:SpecifiedLineTradeAgreement/ram:GrossPriceProductTradePrice/ram:BasisQuantity,E,0..1,STR-3,
BG-29,BT-149,3,0..1,Item price base quantity,The number of item units to which the price applies.,Q,/rsm:CrossIndustryInvoice/rsm:SupplyChainTradeTransaction/ram:IncludedSupplyChainTradeLineltem/ramrSpecifiedLineTradeAgreement/ram:NetPriceProductTradePrice/ram:BasisQuantity,E,0..1,STR-3,
BG-29,BT-150,3,0..1,Item price base quantity unit of measure code,The unit of measure that applies to the Item price base quantity.,C,/rsm:CrossIndustryInvoice/rsm:Supp]yChainTradeTransaction/ram:IncludedSupplyChainTradeLineItem/ram:SpecifiedLineTradeAgreement/ram:GrossPriceProductTradePrice/ram:BasisQuantity/@unitCode,A,,,
BG-25,BG-30   ,2,1..1,LINE VAT INFORMATION,A group of business terms providing information about the VAT applicable for the goods and services invoiced on the Invoice line.,,/rsm:CrossIndustryInvoice/rsm:SupplyChainTradeTransaction/ram:IncludedSupplyChainTradeLineItem/ram:SpecifiedLineTradeSettlement/ram:ApplicableTradeTax,E,0..n,CAR-3,
BG-30   ,BT-151,3,1..1,Invoiced item VAT category code,The VAT category code for the invoiced item.,C,/rsm:CrossIndustiyInvoice/rsm:SupplyChainTradeTransaction/ram:IncludedSupplyChainTradeLineItem/ram:SpecifiedLineTradeSettlement/ram:ApplicableTradeTax/ram:TypeCode,E,0..1,,"Fixed value ""VAT"""
BG-30   ,BT-151,3,1..1,Invoiced item VAT category code,The VAT category code for the invoiced item.,C,/rsm:CrossIndustryInvoice/rsm:SupplyChainTradeTransaction/ram:IncludedSupplyChainTradeLineItem/ram:SpecifiedLineTradeSettlement/ram:ApplicableTradeTax/ram:CategoryCode,E,0..1,CAR-2,
BG-30   ,BT-152,3,0..1,Invoiced item VAT rate,The VAT represented percentage applies to invoiced item.,P,/rsm:CrossIndustryInvoice/rsm:SupplyChainTradeTransaction/ram:IncludedSupplyChainTradeLineltem/ramiSpecifiedLineTradeSettlement/ram:ApplicableTradeTax/ram:RateApplicablePercent,E,0..1,,
BG-25,BG-31,2,1..1,ITEM INFORMATION,A group of business terms providing information about the goods and services invoiced.,,/rsm:CrossIndustryInvoice/rsm:SupplyChainTradeTransaction/ram:IncludedSupplyChainTradeLineItem/ram:SpecifiedTradeProduct,E,0..1,CAR-2,
BG-31,BT-153,3,1..1,Item name,A name for an item.,T,/rsm:CrossIndustryInvoice/rsm:SupplyChainTradeTransaction/ram:IncludedSupplyChainTradeLineItem/ram:SpecifiedTradeProduct/ram:Name,E,0..n,"CAR-2, CAR-3",
BG-31,BT-154,3,0..1,Item descriptio n,A description for an item.,T,/rsm:CrossIndustryInvoice/rsm:SupplyChainTradeTransaction/ram:IncludedSupplyChainTradeLineItem/ram:SpecifiedTradeProduct/ram:Description,E,0..1,CAR-3,
BG-31,BT-155,3,0..1,Item Seller's identifier,"An identifier, assigned by the Seller, for the item.",,/rsm:CrossIndustryInvoice/rsm:SupplyChainTradeTransaction/ram:IncludedSupplyChainTradeLineItem/ram:SpecifiedTradeProduct/ram:SellerAssignedID,E,0..1,,
BG-31,BT-156,3,0..1,Item Buyer's identifier,"An identifier, assigned by the Buyer, for the item.",I,/rsm:CrossIndustryInvoice/rsm:SupplyChainTradeTransaction/ram:IncludedSupplyChainTradeLineItem/ram:SpecifiedTradeProduct/ram:BuyerAssignedID,E,0..1,,
BG-31,BT-157,3,0..1,Item standard identifier,An item identifier based on a registered scheme.,I,/rsm:CrossIndustryInvoice/rsm:SupplyChainTradeTransaction/ram:IncludedSupplyChainTradeLineItem/ram:SpecifiedTradeProduct/ram:GlobalID,E,0..1,,
BT-157,BT-157-1,4,1..1,Item standard identifier identificati on scheme  identifier,The identification scheme identifier of the Item standard identifier,S,/rsm:CrossIndustryInvoice/rsm:Supp]yChainTradeTransaction/ram:IncludedSupplyChainTradeLineItem/ram:SpecifiedTradeProduct/ram:GlobalID/@schemeID,A,,,
BG-31,BT-158,3,0..n,Item classificati on identifier,A code for classifying the item by its type or nature.,I,/rsm:CrossIndustryInvoice/rsm:SupplyChainTradeTransaction/ram:IncludedSupplyChainTradeLineItem/ram:SpecifiedTradeProduct/ram:DesignatedProductClassification/ram:ClassCode,E,0..1,,
BT-158,BT-158-1,4,1..1,Item classificati on identifier identificati on  scheme identifier,The identification scheme identifier of the Item classification identifier,S,/rsm:CrossIndustryInvoice/rsm:SupplyChainTradeTransaction/ram:IncludedSupplyChainTradeLineItem/ram:SpecifiedTradeProduct/ram:DesignatedProductClassification/ram:ClassCode/@listID,A,,CAR-2,
BT-158,BT-158-2,4,0..1,Scheme version identifer,The version of the identification scheme.,S,/rsm:CrossIndustryInvoice/rsm:SupplyChainTradeTransaction/ram:IncludedSupplyChainTradeLineItem/ram:SpecifiedTradeProduct/ram:DesignatedProductClassification/ram:ClassCode/@listVersionID,A,,,
BG-31,BT-159,3,0..1,Item country of origin,The code identifying the country from which the item originates.,C,/rsm:CrossIndustryInvoice/rsm:SupplyChainTradeTransaction/ram:IncludedSupplyChainTradeLineItem/ram:SpecifiedTradeProduct/ram:OriginTradeCountry/ram:ID,E,0..1,,
BG-31,BG-32,3,0..n,ITEM ATTRIBUTES,A group of business terms providing information about properties of the goods and services invoiced.,,/rsm:CrossIndustryInvoice/rsm:SupplyChainTradeTransaction/ram:IncludedSupplyChainTradeLineItem/ram:SpecifiedTradeProduct/ram:ApplicableProductCharacteristic,E,0..n,,
BG-32,BT-160,4,1..1,Item attribute name,The name of the attribute or property of the item.,T,/rsm:CrossIndustryInvoice/rsm:SupplyChainTradeTransaction/ram:IncludedSupplyChainTradeLineItem/ram:SpecifiedTradeProduct/ram:ApplicableProductCharacteristic/ram:Description,E,0..n,"CAR-2, CAR-3",
BG-32,BT-161,4,1..1,Item attribute value,The value of attribute property of item.,T,/rsm:CrossIndustryInvoice/rsm:SuppIyChainTradeTransaction/ram:IncludedSupplyChainTradeLineItem/ram:SpecifiedTradeProduct/ram:ApplicableProductCharacteristic/ram:Value,E,0..n,"SYN-2, CAR-2, CAR-3",