seq,Sem Sort,ID,Level,Business term name,Business term name in local language,Term semantic definition,Term semantic definition in local language,Card.,Data Type,Section,BIS extension,Synt Sort,XPath,minOccurs,maxOccurs
1000,1000,ibt-001,1,Invoice number,請求書番号,A unique identification of the Invoice.,売り手が発番した請求書を識別する番号または文字列。売り手が発番した、請求書を一意に識別する番号。,1..1 ,Identifier,Shared,,1020,/Invoice/cbc:ID,1,1
1010,1010,ibt-002,1,Invoice issue date,請求書発行日,The date when the Invoice was issued.,請求書の発行日付、または請求書の書面上の発行日付。,1..1 ,Date,Shared,,1030,/Invoice/cbc:IssueDate,1,1
1020,1020,ibt-168,1,Invoice issue time,請求書発行時刻,The time of day when an invoice was issued,請求書の発行時刻。,0..1,Time,Shared,Added,1040,/Invoice/cbc:IssueTime,0,1
1030,1030,ibt-003,1,Invoice type code,請求書タイプコード,A code specifying the functional type of the Invoice.,この文書のタイプを識別するコード。請求書の機能を特定するためのコード。,1..1 ,Code,Shared,,1060,/Invoice/cbc:InvoiceTypeCode,0,1
1040,1040,ibt-005,1,Invoice currency code,請求書通貨コード,"The currency in which all Invoice amounts are given, except for the Total TAX amount in accounting currency.",請求書に記載された通貨を表すコード。会計通貨での請求書消費税合計金額を除き、請求書に記載されている全て金額の表示の通貨コード。,1..1 ,Code,Shared,,1100,/Invoice/cbc:DocumentCurrencyCode,0,1
1050,1050,ibt-006,1,Tax accounting currency,税会計報告用通貨コード,The currency used for TAX accounting and reporting purposes as accepted or required in the country of the Seller.,会計報告や財務報告に使用する通貨を表すコード。売り手の国で認められたもしくは要求された会計報告や財務報告に使用する通貨を表すコード。,0..1 ,Code,Aligned,,1110,/Invoice/cbc:TaxCurrencyCode,0,1
1060,1060,ibt-007,1,TAX point date,課税基準日,"The date when the TAX becomes accountable for the Seller and for the Buyer in so far as that date can be determined and differs from the date of issue of the invoice, according to the TAX directive.",請求書の日付とは異なる日付が、商取引の課税対象とされる基準日。税法に基づき、請求書発行日付とは異なる日付で、売り手、買い手が税を記帳する場合の、その日付。,0..1 ,Date,Aligned,,1090,/Invoice/cbc:TaxPointDate,0,1
1070,1070,ibt-008,1,TAX point date code,課税基準日コード,The code of the date when the TAX becomes accountable for the Seller and for the Buyer.,売り手、買い手が税を記帳する日付が何であるかを示すコード。,0..1 ,Code,Aligned,,1170,/Invoice/cac:InvoicePeriod/cbc:DescriptionCode,0,unbounded
1080,1080,ibt-009,1,Payment due date,支払期日,The date when the payment is due.,支払条件で示された支払期日。,0..1 ,Date,Shared,,1050,/Invoice/cbc:DueDate,0,1
1090,1090,ibt-010,1,Buyer reference,買い手参照,An identifier assigned by the Buyer used for internal routing purposes.,買い手によって割り当てられたIDで、買い手の内部ルーティングの目的で使用。買い手が付したIDで、買い手内部での後続処理目的で使用。,0..1 ,Text,Shared,,1130,/Invoice/cbc:BuyerReference,0,1
1110,1100,ibt-011,1,Project reference,プロジェクト参照,The identification of the project the invoice refers to,発注品に関するプロジェクト・工事案件等を管理するための番号。インボイスが参照するプロジェクトのID。,0..1 ,Document Reference,Shared,,1470,/Invoice/cac:ProjectReference/cbc:ID,1,1
1130,1110,ibt-012,1,Contract reference,契約書参照,The identification of a contract.,参照する契約書に記載の文書番号。,0..1 ,Document Reference,Shared,,1320,/Invoice/cac:ContractDocumentReference/cbc:ID,1,1
1150,1120,ibt-013,1,Purchase order reference,購買発注参照,"An identifier of a referenced purchase order, issued by the Buyer.",買い手が発行した購買発注を参照する場合の当該購買発注に記載の文書番号。,0..1 ,Document Reference,Shared,,1190,/Invoice/cac:OrderReference/cbc:ID,1,1
1160,1130,ibt-014,1,Sales order reference,受注参照,An identifier of a referenced sales order issued by the Seller.,売り手が発行した受注を参照する場合の当該受注に記載の文書番号。,0..1 ,Document Reference,Shared,,1200,/Invoice/cac:OrderReference/cbc:SalesOrderID,0,1
1180,1140,ibt-015,1,Receiving advice reference,受取通知書(検収書)参照,An identifier of a referenced receiving advice.,参照する受取通知書（検収書）に売り手が付番した番号。,0..1 ,Document Reference,Shared,,1280,/Invoice/cac:ReceiptDocumentReference/cbc:ID,1,1
1200,1150,ibt-016,1,Despatch advice reference,出荷案内書(納品書)参照,An identifier of a referenced despatch advice.,参照する出荷案内書（納品書）に売り手が付番した番号。,0..n ,Document Reference,Aligned,Cardinality from 0..1 to 0..n,1260,/Invoice/cac:DespatchDocumentReference/cbc:ID,1,1
1220,1160,ibt-017,1,Tender or lot reference,入札又はロット参照,The identification of the call for tender or lot the invoice relates to.,参照する入札またはロットの番号。,0..1 ,Document Reference,Shared,,1300,/Invoice/cac:OriginatorDocumentReference/cbc:ID,1,1
1240,1170,ibt-018,1,Invoiced object identifier,請求されるオブジェクトID,"An identifier for an object on which the invoice is based, given by the Seller.",請求書の根拠となるIDで、売り手が指定。請求書の根拠となるオブジェクトのIDで、売り手が指定したもの。,0..1,Identifier,Shared,,1360,/Invoice/cac:AdditionalDocumentReference[cbc:DocumentTypeCode='130']/cbc:ID,1,1
1250,1180,ibt-018-1,1,The identification scheme identifier of the Invoiced object identifier.,請求されるオブジェクトIDのスキーマID,"If it may be not clear for the receiver what scheme is used for the identifier, a conditional scheme identifier should be used that shall be chosen from the UNTDID 1153 code list [6] entries.",受信者にとって、IDにどのスキーマが使用されているかが明確でない場合は、UNTDID1153コードリストから選択される条件付きスキーマIDを使用する必要がある。,0..1,Scheme identifier,Shared,,1370,/Invoice/cac:AdditionalDocumentReference[cbc:DocumentTypeCode='130']/cbc:ID/@schemeID,-,
1270,1190,ibt-019,1,Buyer accounting reference,買い手会計参照,A textual value that specifies where to book the relevant data into the Buyer's financial accounts.,買い手の財務勘定科目に関連データを記帳する場所を指定する。買い手のどの勘定に関連データを記帳すべきかを指定するためのテキスト値。,0..1 ,Text,Shared,,1120,/Invoice/cbc:AccountingCost,0,1
1280,1200,ibg-33,1,INVOICE TERMS,支払条件,Information about the terms that apply to the settlement of the invoice amount.,請求額の決済に適用される条件に関する情報。,0..n ,Group,Aligned,Added as Group,2840,/Invoice/cac:PaymentTerms,0,unbounded
1290,1210,ibt-020,2,-  Payment terms,- - 支払条件,A textual description of the payment terms that apply to the amount due for payment (Including description of possible penalties).,支払額に適用される支払条件の説明(罰則の記載を含む)。支払条件の文字による説明。,0..1 ,Text,Shared,Cardinality to 0..n via Group,2860,/Invoice/cac:PaymentTerms/cbc:Note,0,unbounded
1300,1220,ibt-187,2,-  Terms payment instructions ID,- 支払条件指示ID,The payment instructions that apply to these payment terms.,これらの支払条件を適用する支払指示。,0..1,Identifier,Aligned,Added,2850,/Invoice/cac:PaymentTerms/cbc:PaymentMeansID,0,unbounded
1310,1230,ibt-176,2,-  Terms amount,- 支払条件金額,The payment amount that these terms apply to.,これらの条件が適用される支払金額。,0..1,Amount,Aligned,Added,2870,/Invoice/cac:PaymentTerms/cbc:Amount,0,1
1320,1240,ibt-177,2,-  Terms installment due date,- 分割支払支払期日,The date before end of which the terms amount shall be settled.,分割支払の場合の各支払期日。,0..1,Date,Aligned,Added,2880,/Invoice/cac:PaymentTerms/cbc:InstallmentDueDate,0,1
1330,1250,ibg-01,1,INVOICE NOTE,請求書注釈,"A group of business terms providing textual notes that are relevant for the invoice, together with an indication of the note subject.",請求書についての注釈。,0..n ,Group,Shared,,,,x,
1340,1260,ibt-021,2,-  Invoice note subject code,- 請求書注釈表題コード,The subject of the textual note in EN BT-22.,注釈の表題。,0..1,Text,Shared,,1070,/Invoice/cbc:Note,0,unbounded
1350,1270,ibt-022,2,-  Invoice note,- 請求書注釈内容,A textual note that gives unstructured information that is relevant to the Invoice as a whole.,注釈の内容を入力するフリースペース。,0..1,Text,Shared,,1080,/Invoice/cbc:Note,0,unbounded
1360,1280,ibg-02,1,PROCESS CONTROL,プロセスコントロール,A group of business terms providing information on the business process and rules applicable to the Invoice document.,取引プロセスに関する情報。請求書に適用するビジネスプロセス及びルールについての情報。,1..1 ,Group,Shared,,,,x,
1370,1290,ibt-023,2,-  Business process type,- ビジネスプロセスタイプ,"Identifies the business process context in which the transaction appears, to enable the Buyer to process the Invoice in an appropriate way.",取引プロセスの名称。買い手が適切な方法で請求書を処理することができるように、取引が行われたビジネスプロセスを識別する。,0..1 ,Text,Shared,,1010,/Invoice/cbc:ProfileID,0,1
1380,1300,ibt-024,2,-  Specification identifier,- 仕様ID,"An identification of the specification containing the total set of rules regarding semantic content, cardinalities and business rules to which the data contained in the instance document conforms.",取引プロセスのID。セマンティックコンテンツ、カーディナリティや、インスタンス文書に含まれているデータが準拠すべきビジネスルールに関するルール一式を含む、仕様を識別する。,1..1 ,Identifier,Shared,,1000,/Invoice/cbc:CustomizationID,0,1
1390,1310,ibg-03,1,PRECEDING INVOICE REFERENCE,先行請求書への参照,A group of business terms providing information on one or more preceding Invoices.,1つ以上の先行請求書に関する情報。,0..n ,Group,Shared,,1210,/Invoice/cac:BillingReference,0,unbounded
1410,1320,ibt-025,2,-  Preceding Invoice reference,- 先行請求書への参照,The identification of an Invoice that was previously sent by the Seller.,売り手が以前に送付した請求書番号。,1..1 ,Document Reference,Shared,,1230,/Invoice/cac:BillingReference/cac:InvoiceDocumentReference/cbc:ID,1,1
1420,1330,ibt-026,2,-  Preceding Invoice issue date,- 先行請求書発行日,The date when the Preceding Invoice was issued.,先行請求書の発行日。,0..1 ,Date,Shared,,1240,/Invoice/cac:BillingReference/cac:InvoiceDocumentReference/cbc:IssueDate,0,1
1430,1340,ibg-04,1,SELLER,売り手,A group of business terms providing information about the Seller.,売り手に係る情報。,1..1,Group,Shared,,1480,/Invoice/cac:AccountingSupplierParty,1,1
1460,1350,ibt-027,2,-  Seller name,- 売り手名称,The full formal name by which the Seller is registered in the national registry of legal entities or as a Taxable person or otherwise trades as a person or persons.,売り手を表す名称。売り手を表す法的に正式な名称。,1..1 ,Text,Shared,,1730,/Invoice/cac:AccountingSupplierParty/cac:Party/cac:PartyLegalEntity/cbc:RegistrationName,0,1
1480,1360,ibt-028,2,-  Seller trading name,- 売り手商号,"A name by which the Seller is known, other than Seller name (also known as Business name).",売り手名称以外で、知られているビジネス上の名称。,0..1 ,Text,Shared,,1570,/Invoice/cac:AccountingSupplierParty/cac:Party/cac:PartyName/cbc:Name,1,1
1500,1370,ibt-029,2,-  Seller identifier,- 売り手ID,An identification of the Seller.,売り手を表すID。,0..n ,Identifier,Shared,,1530,/Invoice/cac:AccountingSupplierParty/cac:Party/cac:PartyIdentification/cbc:ID,1,1
1510,1380,ibt-029-1,3,- -  Scheme identifier,- - スキーマID,"If used, the identification scheme identifier shall be chosen from the entries of the list published by the ISO/IEC 6523 maintenance agency.",使用する場合、スキーマIDは、ISO / IEC6523 の保守機関によって公開されたリストから選択しなければならない。,0..1 ,Scheme identifier,Shared,,1540,/Invoice/cac:AccountingSupplierParty/cac:Party/cac:PartyIdentification/cbc:ID/@schemeID,-,
1540,1390,ibt-030,2,-  Seller legal registration identifier,- 売り手法的企業ID,An identifier issued by an official registrar that identifies the Seller as a legal entity or person.,売り手を表す法的企業ID。,0..1 ,Identifier,Shared,,1740,/Invoice/cac:AccountingSupplierParty/cac:Party/cac:PartyLegalEntity/cbc:CompanyID,0,1
1550,1400,ibt-030-1,3,- -  Scheme identifier,- - スキーマID,"If used, the identification scheme shall be chosen from the entries of the list published by the ISO/IEC 6523 maintenance agency.",使用する場合、識別スキーマは、ISO / IEC6523 の保守機関によって公開されたリストから選択しなければならない。,0..1 ,Scheme identifier,Shared,,1750,/Invoice/cac:AccountingSupplierParty/cac:Party/cac:PartyLegalEntity/cbc:CompanyID/@schemeID,-,
1570,1410,ibt-031,2,-  Seller TAX identifier,- 売り手税ID,The Seller's TAX identifier (also known as Seller TAX identification number).,売り手の税ID番号。日本の場合は、適格請求書発行事業者登録番号T+法人番号（国税庁）。,0..1 ,Identifier,Aligned,,1690,/Invoice/cac:AccountingSupplierParty/cac:Party/cac:PartyTaxScheme/cbc:CompanyID,0,1
1580,1420,ibt-032,2,-  Seller TAX registration identifier,- 売り手税登録ID,The local identification (defined by the Seller's address) of the Seller for tax purposes or a reference that enables the Seller to state his registered tax status.,売り手住所により決まるローカルの売り手ID。 売り手が登録済みであることを示すための税登録ID。,0..1,Identifier,Aligned,,1700,/Invoice/cac:AccountingSupplierParty/cac:Party/cac:PartyTaxScheme/cbc:CompanyID,0,1
1600,1430,ibt-033,2,-  Seller additional legal information,- 売り手追加法的情報,Additional legal information relevant for the Seller.,売り手に関する追加の法的情報。,0..1 ,Text,Shared,,1760,/Invoice/cac:AccountingSupplierParty/cac:Party/cac:PartyLegalEntity/cbc:CompanyLegalForm,0,1
1610,1440,ibt-034,2,-  Seller electronic address,- 売り手電子アドレス,Identifies the Seller's electronic address to which the application level response to the invoice may be delivered.,請求書に対するアプリケーションレベルの応答が配信される売り手の電子アドレスを識別する。,0..1 ,Identifier,Shared,,1500,/Invoice/cac:AccountingSupplierParty/cac:Party/cbc:EndpointID,0,1
1620,1450,ibt-034-1,3,- -  Scheme identifier,- - スキーマID,The scheme identifier shall be chosen from a list to be maintained by the Connecting Europe Facility.,スキーマIDは、Connecting Europe Facility (CEF) が管理するリストから選択しなければならない。,1..1 ,Scheme identifier,Shared,,1510,/Invoice/cac:AccountingSupplierParty/cac:Party/cbc:EndpointID/@schemeID,-,
1630,1460,ibg-05,2,-  SELLER POSTAL ADDRESS,- 売り手住所,A group of business terms providing information about the address of the Seller.,売り手の住所に関する情報。,1..1 ,Group,Shared,,1580,/Invoice/cac:AccountingSupplierParty/cac:Party/cac:PostalAddress,0,1
1640,1470,ibt-035,3,- -  Seller address line 1,- - 売り手住所欄1,The main address line in an address.,売り手の住所欄1。,0..1 ,Text,Shared,,1590,/Invoice/cac:AccountingSupplierParty/cac:Party/cac:PostalAddress/cbc:StreetName,0,1
1650,1480,ibt-036,3,- -  Seller address line 2,- - 売り手住所欄2,An additional address line in an address that can be used to give further details supplementing the main line.,売り手の住所欄2。,0..1 ,Text,Shared,,1600,/Invoice/cac:AccountingSupplierParty/cac:Party/cac:PostalAddress/cbc:AdditionalStreetName,0,1
1670,1490,ibt-162,3,- -  Seller address line 3,- - 売り手住所欄3,An additional address line in an address that can be used to give further details supplementing the main line.,売り手の住所欄3。,0..1 ,Text,Shared,,1650,/Invoice/cac:AccountingSupplierParty/cac:Party/cac:PostalAddress/cac:AddressLine/cbc:Line,1,1
1680,1500,ibt-037,3,- -  Seller city,- - 売り手住所 市区町村,"The common name of the city, town or village, where the Seller address is located.",売り手住所 市区町村。,0..1 ,Text,Shared,,1610,/Invoice/cac:AccountingSupplierParty/cac:Party/cac:PostalAddress/cbc:CityName,0,1
1690,1510,ibt-038,3,- -  Seller post code,- - 売り手郵便番号,The identifier for an addressable group of properties according to the relevant postal service.,売り手の郵便番号。,0..1 ,Text,Shared,,1620,/Invoice/cac:AccountingSupplierParty/cac:Party/cac:PostalAddress/cbc:PostalZone,0,1
1700,1520,ibt-039,3,- -  Seller country subdivision,- - 売り手住所 都道府県,The subdivision of a country.,売り手住所の地方区分。日本の場合は、都道府県。,0..1 ,Text,Shared,,1630,/Invoice/cac:AccountingSupplierParty/cac:Party/cac:PostalAddress/cbc:CountrySubentity,0,1
1720,1530,ibt-040,3,- -  Seller country code,- - 売り手国コード,A code that identifies the country.,売り手の国コード。,1..1 ,Code,Shared,,1670,/Invoice/cac:AccountingSupplierParty/cac:Party/cac:PostalAddress/cac:Country/cbc:IdentificationCode,0,1
1730,1540,ibg-06,2,-  SELLER CONTACT,- 売り手連絡先,A group of business terms providing contact information about the Seller. ,売り手の連絡先に係る情報。,0..1 ,Group,Shared,,1770,/Invoice/cac:AccountingSupplierParty/cac:Party/cac:Contact,0,1
1740,1550,ibt-041,3,- -  Seller contact point,- - 売り手連絡先,A contact point for a legal entity or person.,売り手の連絡先の個人の、文字で表現された名前（部門名を含む）。,0..1 ,Text,Shared,,1780,/Invoice/cac:AccountingSupplierParty/cac:Party/cac:Contact/cbc:Name,0,1
1750,1560,ibt-042,3,- -  Seller contact telephone number,- - 売り手連絡先電話番号,A phone number for the contact point.,売り手の連絡先電話番号。,0..1 ,Text,Shared,,1790,/Invoice/cac:AccountingSupplierParty/cac:Party/cac:Contact/cbc:Telephone,0,1
1760,1570,ibt-043,3,- -  Seller contact email address,- - 売り手連絡先電子メールアドレス,An e-mail address for the contact point.,売り手の連絡先電子メールアドレス。,0..1 ,Text,Shared,,1800,/Invoice/cac:AccountingSupplierParty/cac:Party/cac:Contact/cbc:ElectronicMail,0,1
1770,1580,ibg-07,1,BUYER,買い手,A group of business terms providing information about the Buyer.,買い手に係る情報。,1..1 ,Group,Shared,,1810,/Invoice/cac:AccountingCustomerParty,1,1
1800,1590,ibt-044,2,-  Buyer name,- 買い手名称,The full name of the Buyer.,買い手の名称。,1..1 ,Text,Shared,,2040,/Invoice/cac:AccountingCustomerParty/cac:Party/cac:PartyLegalEntity/cbc:RegistrationName,0,1
1820,1600,ibt-045,2,-  Buyer trading name,- 買い手商号,"A name by which the Buyer is known, other than Buyer name (also known as Business name).",買い手名称以外で、知られているビジネス上の名称。,0..1 ,Text,Shared,,1890,/Invoice/cac:AccountingCustomerParty/cac:Party/cac:PartyName/cbc:Name,1,1
1840,1610,ibt-046,2,-  Buyer identifier,- 買い手ID,An identifier of the Buyer.,買い手を表すID。,0..n ,Identifier,Shared,,1860,/Invoice/cac:AccountingCustomerParty/cac:Party/cac:PartyIdentification/cbc:ID,1,1
1850,1620,ibt-046-1,3,- -  Scheme identifier,- - スキーマID,"If used, the identification scheme shall be chosen from the entries of the list published by the ISO/IEC 6523 maintenance agency.",使用する場合、識別スキーマは、ISO / IEC6523 の保守機関によって公開されたリストから選択しなければならない。,0..1 ,Scheme identifier,Shared,,1870,/Invoice/cac:AccountingCustomerParty/cac:Party/cac:PartyIdentification/cbc:ID/@schemeID,-,
1860,1630,ibt-047,2,-  Buyer legal registration identifier,- 買い手法的企業ID,An identifier issued by an official registrar that identifies the Buyer as a legal entity or person.,買い手を表す法的企業ID。,0..1 ,Identifier,Shared,,2050,/Invoice/cac:AccountingCustomerParty/cac:Party/cac:PartyLegalEntity/cbc:CompanyID,0,1
1870,1640,ibt-047-1,3,- -  Scheme identifier,- - スキーマID,"If used, the identification scheme shall be chosen from the entries of the list published by the ISO/IEC 6523 maintenance agency.",使用する場合、識別スキーマは、ISO / IEC6523 の保守機関によって公開されたリストから選択しなければならない。,0..1 ,Scheme identifier,Shared,,2060,/Invoice/cac:AccountingCustomerParty/cac:Party/cac:PartyLegalEntity/cbc:CompanyID/@schemeID,-,
1890,1650,ibt-048,2,-  Buyer TAX identifier,- 買い手税ID,The Buyer's TAX identifier (also known as Buyer TAX identification number).,買い手の税ID番号。日本の場合は、適格請求書発行事業者登録番号。,0..1 ,Identifier,Aligned,,2010,/Invoice/cac:AccountingCustomerParty/cac:Party/cac:PartyTaxScheme/cbc:CompanyID,0,1
1910,1660,ibt-049,2,-  Buyer electronic address,- 買い手電子アドレス,Identifies the Buyer's electronic address to which the invoice is delivered.,請求書の送信先となる買い手の電子アドレスを識別する。,0..1 ,Identifier,Shared,,1830,/Invoice/cac:AccountingCustomerParty/cac:Party/cbc:EndpointID,0,1
1920,1670,ibt-049-1,3,- -  Scheme identifier,- - スキーマID,The scheme identifier shall be chosen from a list to be maintained by the Connecting Europe Facility.,スキーマIDは、Connecting Europe Facility (CEF) が管理するリストから選択しなければならない。,1..1 ,Scheme identifier,Shared,,1840,/Invoice/cac:AccountingCustomerParty/cac:Party/cbc:EndpointID/@schemeID,-,
1930,1680,ibg-08,2,-  BUYER POSTAL ADDRESS,- 買い手住所,A group of business terms providing information about the postal address for the Buyer.,買い手の住所に関する情報。,1..1 ,Group,Shared,,1900,/Invoice/cac:AccountingCustomerParty/cac:Party/cac:PostalAddress,0,1
1940,1690,ibt-050,3,- -  Buyer address line 1,- - 買い手住所欄1,The main address line in an address.,買い手の住所欄1。,0..1 ,Text,Shared,,1910,/Invoice/cac:AccountingCustomerParty/cac:Party/cac:PostalAddress/cbc:StreetName,0,1
1950,1700,ibt-051,3,- -  Buyer address line 2,- - 買い手住所欄2,An additional address line in an address that can be used to give further details supplementing the main line.,買い手の住所欄2。,0..1 ,Text,Shared,,1920,/Invoice/cac:AccountingCustomerParty/cac:Party/cac:PostalAddress/cbc:AdditionalStreetName,0,1
1970,1710,ibt-163,3,- -  Buyer address line 3,- - 買い手住所欄3,An additional address line in an address that can be used to give further details supplementing the main line.,買い手の住所欄3。,0..1 ,Text,Shared,,1970,/Invoice/cac:AccountingCustomerParty/cac:Party/cac:PostalAddress/cac:AddressLine/cbc:Line,1,1
1980,1720,ibt-052,3,- -  Buyer city,- - 買い手住所 市区町村,"The common name of the city, town or village, where the Buyer's address is located.",買い手住所 市区町村。,0..1 ,Text,Shared,,1930,/Invoice/cac:AccountingCustomerParty/cac:Party/cac:PostalAddress/cbc:CityName,0,1
1990,1730,ibt-053,3,- -  Buyer post code,- - 買い手郵便番号,The identifier for an addressable group of properties according to the relevant postal service.,買い手の郵便番号。,0..1 ,Text,Shared,,1940,/Invoice/cac:AccountingCustomerParty/cac:Party/cac:PostalAddress/cbc:PostalZone,0,1
2000,1740,ibt-054,3,- -  Buyer country subdivision,- - 買い手住所 都道府県,The subdivision of a country.,買い手住所の地方区分。日本の場合は、都道府県。,0..1 ,Text,Shared,,1950,/Invoice/cac:AccountingCustomerParty/cac:Party/cac:PostalAddress/cbc:CountrySubentity,0,1
2020,1750,ibt-055,3,- -  Buyer country code,- - 買い手国コード,A code that identifies the country.,買い手の国コード。,1..1 ,Code,Shared,,1990,/Invoice/cac:AccountingCustomerParty/cac:Party/cac:PostalAddress/cac:Country/cbc:IdentificationCode,0,1
2030,1760,ibg-09,2,-  BUYER CONTACT,- 買い手連絡先,A group of business terms providing contact information relevant for the Buyer.,買い手の連絡先に係る情報。,0..1 ,Group,Shared,,2070,/Invoice/cac:AccountingCustomerParty/cac:Party/cac:Contact,0,1
2040,1770,ibt-056,3,- -  Buyer contact point,- - 買い手連絡先,A contact point for a legal entity or person.,買い手の連絡先。,0..1 ,Text,Shared,,2080,/Invoice/cac:AccountingCustomerParty/cac:Party/cac:Contact/cbc:Name,0,1
2050,1780,ibt-057,3,- -  Buyer contact telephone number,- - 買い手連絡先電話番号,A phone number for the contact point.,買い手の連絡先電話番号。,0..1 ,Text,Shared,,2090,/Invoice/cac:AccountingCustomerParty/cac:Party/cac:Contact/cbc:Telephone,0,1
2060,1790,ibt-058,3,- -  Buyer contact email address,- - 買い手連絡先電子メールアドレス,An e-mail address for the contact point.,買い手の連絡先電子メールアドレス。,0..1 ,Text,Shared,,2100,/Invoice/cac:AccountingCustomerParty/cac:Party/cac:Contact/cbc:ElectronicMail,0,1
2070,1800,ibg-10,1,PAYEE,支払先,"A group of business terms providing information about the Payee, i.e. the role that receives the payment.",支払先に係る情報。,0..1 ,Group,Shared,,2110,/Invoice/cac:PayeeParty,0,1
2090,1810,ibt-059,2,-  Payee name,- 支払先名称,The name of the Payee.,支払先の名称。,1..1 ,Text,Shared,,2160,/Invoice/cac:PayeeParty/cac:PartyName/cbc:Name,1,1
2110,1820,ibt-060,2,-  Payee identifier,- 支払先ID,An identifier for the Payee.,支払先のID。,0..1 ,Identifier,Shared,,2130,/Invoice/cac:PayeeParty/cac:PartyIdentification/cbc:ID,1,1
2120,1830,ibt-060-1,3,-  Scheme identifier,- - スキーマID,"If used, the identification scheme shall be chosen from the entries of the list published by the ISO/IEC 6523 maintenance agency.",使用する場合、識別スキーマは、ISO / IEC6523 の保守機関によって公開されたリストから選択しなければならない。,0..1 ,Scheme identifier,Shared,,2140,/Invoice/cac:PayeeParty/cac:PartyIdentification/cbc:ID/@schemeID,-,
2140,1840,ibt-061,2,-  Payee legal registration identifier,- 支払先登録企業ID,An identifier issued by an official registrar that identifies the Payee as a legal entity or person.,支払先の国際企業ID。,0..1 ,Identifier,Shared,,2180,/Invoice/cac:PayeeParty/cac:PartyLegalEntity/cbc:CompanyID,0,1
2150,1850,ibt-061-1,3,- -  Scheme identifier,- - スキーマID,"If used, the identification scheme shall be chosen from the entries of the list published by the ISO/IEC 6523 maintenance agency.",使用する場合、識別スキーマは、ISO / IEC6523 の保守機関によって公開されたリストから選択しなければならない。,0..1 ,Scheme identifier,Shared,,2190,/Invoice/cac:PayeeParty/cac:PartyLegalEntity/cbc:CompanyID/@schemeID,-,
2160,1860,ibg-11,1,SELLER TAX REPRESENTATIVE PARTY,売り手納税管理人,A group of business terms providing information about the Seller's tax representative.,売り手の納税管理人に係る情報。,0..1 ,Group,Shared,,2200,/Invoice/cac:TaxRepresentativeParty,0,1
2180,1870,ibt-062,2,-  Seller tax representative name,- 売り手納税管理人名称,The full name of the Seller's tax representative party.,売り手の納税管理人名称。,1..1 ,Text,Aligned,,2220,/Invoice/cac:TaxRepresentativeParty/cac:PartyName/cbc:Name,1,1
2200,1880,ibt-063,2,-  Seller tax representative TAX identifier,- 売り手納税管理人税ID,The TAX identifier of the Seller's tax representative party.,売り手の納税管理人の税ID。日本の場合は、納税管理人の適格請求書発行事業者登録番号(T+法人番号(国税庁))。,1..1 ,Identifier,Aligned,,2340,/Invoice/cac:TaxRepresentativeParty/cac:PartyTaxScheme/cbc:CompanyID,0,1
2220,1890,ibg-12,2,-  SELLER TAX REPRESENTATIVE POSTAL ADDRESS,- 売り手納税管理人住所,A group of business terms providing information about the postal address for the tax representative party.,納税管理人の住所に関する情報。,1..1 ,Group,Shared,,2230,/Invoice/cac:TaxRepresentativeParty/cac:PostalAddress,0,1
2230,1900,ibt-064,3,- -  Tax representative address line 1,- - 納税管理人住所欄1,The main address line in an address.,納税管理人住所欄1。,0..1 ,Text,Shared,,2240,/Invoice/cac:TaxRepresentativeParty/cac:PostalAddress/cbc:StreetName,0,1
2240,1910,ibt-065,3,- -  Tax representative address line 2,- - 納税管理人住所欄2,An additional address line in an address that can be used to give further details supplementing the main line.,納税管理人住所欄2。,0..1 ,Text,Shared,,2250,/Invoice/cac:TaxRepresentativeParty/cac:PostalAddress/cbc:AdditionalStreetName,0,1
2260,1920,ibt-164,3,- -  Tax representative address line 3,- - 納税管理人住所欄3,An additional address line in an address that can be used to give further details supplementing the main line.,納税管理人住所欄3。,0..1 ,Text,Shared,,2300,/Invoice/cac:TaxRepresentativeParty/cac:PostalAddress/cac:AddressLine/cbc:Line,1,1
2270,1930,ibt-066,3,- -  Tax representative city,- - 納税管理人住所 市区町村,"The common name of the city, town or village, where the tax representative address is located.",納税管理人住所 市区町村。,0..1 ,Text,Shared,,2260,/Invoice/cac:TaxRepresentativeParty/cac:PostalAddress/cbc:CityName,0,1
2280,1940,ibt-067,3,- -  Tax representative post code,- - 納税管理人郵便番号,The identifier for an addressable group of properties according to the relevant postal service.,納税管理人郵便番号。,0..1 ,Text,Shared,,2270,/Invoice/cac:TaxRepresentativeParty/cac:PostalAddress/cbc:PostalZone,0,1
2290,1950,ibt-068,3,- -  Tax representative country subdivision,- - 納税管理人住所 都道府県,The subdivision of a country.,納税管理人住所の地方区分。日本の場合は、都道府県。,0..1 ,Text,Shared,,2280,/Invoice/cac:TaxRepresentativeParty/cac:PostalAddress/cbc:CountrySubentity,0,1
2310,1960,ibt-069,3,- -  Tax representative country code,- - 納税管理人国コード,A code that identifies the country.,納税管理人国コード。,1..1 ,Code,Shared,,2320,/Invoice/cac:TaxRepresentativeParty/cac:PostalAddress/cac:Country/cbc:IdentificationCode,0,1
2320,1970,ibg-13,1,DELIVERY INFORMATION,納入先,A group of business terms providing information about where and when the goods and services invoiced are delivered.,納入先に係る情報。,0..1 ,Group,Shared,,2360,/Invoice/cac:Delivery,0,unbounded
2350,1980,ibt-070,2,-  Deliver to party name,- 納入先名称,The name of the party to which the goods and services are delivered.,納入先の名称。,0..1 ,Text,Shared,,2530,/Invoice/cac:Delivery/cac:DeliveryParty/cac:PartyName/cbc:Name,1,1
2370,1990,ibt-071,2,-  Deliver to location identifier,- 納入先ID,An identifier for the location at which the goods and services are delivered.,納入先の場所ID。,0..1 ,Identifier,Shared,,2390,/Invoice/cac:Delivery/cac:DeliveryLocation/cbc:ID,0,1
2380,2000,ibt-071-1,2,-  Scheme identifier,- スキーマID,"If used, the identification scheme shall be chosen from the entries of the list published by the ISO/IEC 6523 maintenance agency.",使用する場合、識別スキーマは、ISO/IEC 6523 の保守機関によって公開されたリストから選択しなければならない。,0..1 ,Scheme identifier,Shared,,2400,/Invoice/cac:Delivery/cac:DeliveryLocation/cbc:ID/@schemeID,-,
2390,2010,ibt-072,2,-  Actual delivery date,- 実際納入日,the date on which the supply of goods or services was made or completed.,実際の納入日。,0..1 ,Date,Shared,,2370,/Invoice/cac:Delivery/cbc:ActualDeliveryDate,0,unbounded
2400,2020,ibg-14,2,-  INVOICING PERIOD,- 請求期間,A group of business terms providing information on the invoice period.,請求期間に関わる情報。,0..1 ,Group,Shared,,1140,/Invoice/cac:InvoicePeriod,0,1
2410,2030,ibt-073,3,- -  Invoicing period start date,- - 請求期間開始日,The date when the Invoice period starts.,請求期間開始日。,0..1 ,Date,Shared,,1150,/Invoice/cac:InvoicePeriod/cbc:StartDate,0,1
2420,2040,ibt-074,3,- -  Invoicing period end date,- - 請求期間終了日,The date when the Invoice period ends.,請求期間終了日。,0..1 ,Date,Shared,,1160,/Invoice/cac:InvoicePeriod/cbc:EndDate,0,1
2430,2050,ibg-15,2,-  DELIVER TO ADDRESS,- 納入先住所,A group of business terms providing information about the address to which goods and services invoiced were or are delivered.,請求される財/サービスの納入先の住所に関する情報,0..1 ,Group,Shared,,2410,/Invoice/cac:Delivery/cac:DeliveryLocation/cac:Address,0,1
2440,2060,ibt-075,3,- -  Deliver to address line 1,- - 納入先住所欄1,The main address line in an address.,納入先の住所欄1。,0..1 ,Text,Shared,,2420,/Invoice/cac:Delivery/cac:DeliveryLocation/cac:Address/cbc:StreetName,0,1
2450,2070,ibt-076,3,- -  Deliver to address line 2,- - 納入先住所欄2,An additional address line in an address that can be used to give further details supplementing the main line.,納入先の住所欄2。,0..1 ,Text,Shared,,2430,/Invoice/cac:Delivery/cac:DeliveryLocation/cac:Address/cbc:AdditionalStreetName,0,1
2460,2080,ibt-165,3,- -  Deliver to address line 3,- - 納入先住所欄3,An additional address line in an address that can be used to give further details supplementing the main line.,納入先の住所欄3。,0..1 ,Text,Shared,,2480,/Invoice/cac:Delivery/cac:DeliveryLocation/cac:Address/cac:AddressLine/cbc:Line,1,1
2470,2090,ibt-077,3,- -  Deliver to city,- - 納入先住所 市区町村,"The common name of the city, town or village, where the deliver to address is located.",納入先住所 市区町村。,0..1 ,Text,Shared,,2440,/Invoice/cac:Delivery/cac:DeliveryLocation/cac:Address/cbc:CityName,0,1
2480,2100,ibt-078,3,- -  Deliver to post code,- - 納入先郵便番号,The identifier for an addressable group of properties according to the relevant postal service.,納入先の郵便番号。,0..1 ,Text,Shared,,2450,/Invoice/cac:Delivery/cac:DeliveryLocation/cac:Address/cbc:PostalZone,0,1
2490,2110,ibt-079,3,- -  Deliver to country subdivision,- - 納入先住所 都道府県,The subdivision of a country.,納入先住所の地方区分。日本の場合は、都道府県。,0..1 ,Text,Shared,,2460,/Invoice/cac:Delivery/cac:DeliveryLocation/cac:Address/cbc:CountrySubentity,0,1
2510,2120,ibt-080,3,- -  Deliver to country code,- - 納入先国コード,A code that identifies the country.,納入先の国コード。,1..1 ,Code,Shared,,2500,/Invoice/cac:Delivery/cac:DeliveryLocation/cac:Address/cac:Country/cbc:IdentificationCode,0,1
2520,2130,ibg-16,1,PAYMENT INSTRUCTIONS,支払指示,A group of business terms providing information about the payment.,取引条件のうち支払に関する情報。,0..n ,Group,Shared,Cardinality from 0..1 to 0..n,2540,/Invoice/cac:PaymentMeans,0,unbounded
2530,2140,ibt-178,2,-  Payment Instructions ID,- 支払指示ID,An identifier for the payment instructions.,各支払指示に対して割り当てられるID。,0..1,Identifier,Aligned,Added,2550,/Invoice/cac:PaymentMeans/cbc:ID,0,1
2540,2150,ibt-081,2,-  Payment means type code,- 支払手段タイプコード,"The means, expressed as code, for how a payment is expected to be or has been settled.",取引決済手段のタイプを識別するコード。,1..1 ,Code,Aligned,,2560,/Invoice/cac:PaymentMeans/cbc:PaymentMeansCode,1,1
2550,2160,ibt-082,2,-  Payment means text,- 支払手段内容説明,"The means, expressed as text, for how a payment is expected to be or has been settled.",取引決済手段を説明するテキスト。,0..1 ,Text,Shared,,2570,/Invoice/cac:PaymentMeans/cbc:PaymentMeansCode/@name,0,unbounded
2560,2170,ibt-083,2,-  Remittance information,- 送金情報,A textual value used for payment routing or to establish a link between the payment and the Invoice.,支払と請求書とを紐づけるために使用されるテキスト。,0..n ,Text,Aligned,Cardinality from 0..1 to 0..n. Definition extended.,2580,/Invoice/cac:PaymentMeans/cbc:PaymentID,0,unbounded
2570,2180,ibt-083-1,3,- -  Scheme identifier,- - スキーマID,The identification of the identification scheme. As example ABA,スキーマID、例えば、ABA。,0..1,Code,Aligned,Added,2590,/Invoice/cac:PaymentMeans/cbc:PaymentID/@schemeID,-,
2580,2190,ibg-17,2,-  CREDIT TRANSFER,- 銀行振込,A group of business terms to specify credit transfer payments.,銀行振込による支払を指定。,0..n ,Group,Shared,,2600,/Invoice/cac:PaymentMeans/cac:PayeeFinancialAccount,0,1
2590,2200,ibt-084,3,- -  Payment account identifier,- - 支払先口座ID,"A unique identifier of the financial payment account, at a payment service provider, to which payment should be made.",支払先となる、金融機関の口座ID。IBAN(SEPA支払いの場合)など。,1..1 ,Identifier,Shared,,2610,/Invoice/cac:PaymentMeans/cac:PayeeFinancialAccount/cbc:ID,0,1
2600,2210,ibt-084-1,3,- -  Scheme identifier,- - スキーマID,The identification of the identification scheme. As example IBAN,スキーマID、例えば、IBAN。,0..1,Code,Aligned,Added,2620,/Invoice/cac:PaymentMeans/cac:PayeeFinancialAccount/cbc:ID/@schemeID,-,
2610,2220,ibt-084-2,3,- -  Payment account name,- - 支払先口座名義人名,"The name of the payment account, at a payment service provider, to which payment should be made.",支払先口座の口座名義人名。,0..1 ,Text,Shared,,2630,/Invoice/cac:PaymentMeans/cac:PayeeFinancialAccount/cbc:Name,0,1
2630,2230,ibt-086,3,- -  Payment service provider identifier,- - 支払先金融機関ID,An identifier for the payment service provider where a payment account is located.,支払先口座がある金融機関ID。,0..1 ,Identifier,Shared,,2650,/Invoice/cac:PaymentMeans/cac:PayeeFinancialAccount/cac:FinancialInstitutionBranch/cbc:ID,0,1
2640,2240,ibg-34,2,-  FINANCIAL INSTITUTION ADDRESS,- 住所,The address of the financial institution or its branch that holds the payment account.,金融機関やその支店の住所。,0..1,Group,Shared,Added,2660,/Invoice/cac:PaymentMeans/cac:PayeeFinancialAccount/cac:FinancialInstitutionBranch/cac:Address,0,1
2650,2250,ibt-169,3,- -  Account address line 1,- - 支払先口座住所欄1,The main address line in an address.,住所欄1。,0..1 ,Text,Aligned,Added,2670,/Invoice/cac:PaymentMeans/cac:PayeeFinancialAccount/cac:FinancialInstitutionBranch/cac:Address/cbc:StreetName,0,1
2660,2260,ibt-170,3,- -  Account address line 2,- - 支払先口座住所欄2,An additional address line in an address that can be used to give further details supplementing the main line.,住所欄2。,0..1 ,Text,Aligned,Added,2680,/Invoice/cac:PaymentMeans/cac:PayeeFinancialAccount/cac:FinancialInstitutionBranch/cac:Address/cbc:AdditionalStreetName,0,1
2670,2270,ibt-171,3,- -  Account city,- - 支払先口座住所 市区町村,"The common name of the city, town or village, where the account address is located.",支払先口座住所 市区町村。,0..1 ,Text,Aligned,Added,2690,/Invoice/cac:PaymentMeans/cac:PayeeFinancialAccount/cac:FinancialInstitutionBranch/cac:Address/cbc:CityName,0,1
2680,2280,ibt-172,3,- -  Account post code,- - 支払先口座郵便番号,The identifier for an addressable group of properties according to the relevant postal service.,支払先口座郵便番号。,0..1 ,Text,Aligned,Added,2700,/Invoice/cac:PaymentMeans/cac:PayeeFinancialAccount/cac:FinancialInstitutionBranch/cac:Address/cbc:PostalZone,0,1
2690,2290,ibt-173,3,- -  Account country subdivision,- - 支払先口座住所 都道府県,The subdivision of a country.,支払先口座住所の地方区分。日本の場合は、都道府県。,0..1 ,Text,Aligned,Added,2710,/Invoice/cac:PaymentMeans/cac:PayeeFinancialAccount/cac:FinancialInstitutionBranch/cac:Address/cbc:CountrySubentity,0,1
2710,2300,ibt-174,3,- -  Account address line 3,- - 支払先口座住所欄3,An additional address line in an address that can be used to give further details supplementing the main line.,住所欄3。,0..1 ,Text,Aligned,Added,2730,/Invoice/cac:PaymentMeans/cac:PayeeFinancialAccount/cac:FinancialInstitutionBranch/cac:Address/cac:AddressLine/cbc:Line,0,unbounded
2730,2310,ibt-175,3,- -  Account country code,- - 支払先口座国コード,A code that identifies the country.,支払先口座国コード。,0..1,Code,Aligned,Added,2750,/Invoice/cac:PaymentMeans/cac:PayeeFinancialAccount/cac:FinancialInstitutionBranch/cac:Address/cac:Country/cbc:IdentificationCode,0,unbounded
2740,2320,ibg-18,2,-  PAYMENT CARD INFORMATION,- 支払カード情報,A group of business terms providing information about card used for payment contemporaneous with invoice issuance.,請求書発行と同時に支払に使用されるカードに関する情報。買い手がクレジットカードやデビットカードなどの支払いカードを使用することを選択した場合にのみ使用。,0..1 ,Group,Shared,,2760,/Invoice/cac:PaymentMeans/cac:CardAccount,0,1
2750,2330,ibt-087,3,- -  Payment card primary account number,- - 支払カード番号,The Primary Account Number (PAN) of the card used for payment.,支払に使用するカードの支払カード番号。,1..1 ,Text,Shared,,2770,/Invoice/cac:PaymentMeans/cac:CardAccount/cbc:PrimaryAccountNumberID,1,1
2770,2340,ibt-088,3,- -  Payment card holder name,- - カード名義人氏名,The name of the payment card holder.,支払カード所有者の氏名。,0..1 ,Text,Shared,,2790,/Invoice/cac:PaymentMeans/cac:CardAccount/cbc:HolderName,0,1
2780,2350,ibg-19,2,-  DIRECT DEBIT,- 自動口座引落,A group of business terms to specify a direct debit.,口座引落しを指定するビジネス条件の情報。,0..1 ,Group,Shared,,2800,/Invoice/cac:PaymentMeans/cac:PaymentMandate,0,1
2790,2360,ibt-089,3,- -  Mandate reference identifier,- - マンデーション参照ID,Unique identifier assigned by the Payee for referencing the direct debit mandate.,口座振替依頼を参照するために受取人によって割り当てられた固有ID。,0..1 ,Identifier,Shared,,2810,/Invoice/cac:PaymentMeans/cac:PaymentMandate/cbc:ID,0,1
1520,2370,ibt-090,3,- -  Bank assigned creditor identifier,- - 銀行が割り当てた債権者ID,Unique banking reference identifier of the Payee or Seller assigned by the Payee or Seller bank.,受取人(支払先)または売り手の取引銀行によって割り当てられた受取人(支払先)または売り手の取引銀行参照ID。,0..1 ,Identifier,Aligned,,1550,/Invoice/cac:AccountingSupplierParty/cac:Party/cac:PartyIdentification/cbc:ID,1,1
2810,2380,ibt-091,3,- -  Debited account identifier,- - 自動引落口座ID,The account to be debited by the direct debit.,自動口座引落によって引き落としがされる銀行口座ID。,0..1 ,Identifier,Shared,,2830,/Invoice/cac:PaymentMeans/cac:PaymentMandate/cac:PayerFinancialAccount/cbc:ID,0,1
2820,2390,ibg-35,1,PAID AMOUNTS,支払済金額,Breakdown of the paid amount deducted from the amount due.,請求書通貨での支払済金額。,0..n ,Group,Shared,Added,2890,/Invoice/cac:PrepaidPayment,0,unbounded
2830,2400,ibt-179,2,-  Payment identifier,- 支払ID,"An identifier that references the payment, such as bank transfer identifier.",銀行振込のIDなど、支払を参照するID,0..1,Identifier,Aligned,Added,2900,/Invoice/cac:PrepaidPayment/cbc:ID,0,1
2840,2410,ibt-180,2,-  Paid amount,- 支払済金額,The amount of the payment in the invoice currency.,請求書通貨での支払済金額。,1..1,Amount,Aligned,Added,2910,/Invoice/cac:PrepaidPayment/cbc:PaidAmount,0,1
2850,2420,ibt-181,2,-  The date when the paid amount is debited to the invoice.,- 支払済金額が請求書に差引記載される日,The date when the prepaid amount was received by the seller.,前払金額を売り手が受領した日。,0..1,Date,Aligned,Added,2920,/Invoice/cac:PrepaidPayment/cbc:ReceivedDate,0,1
2860,2430,ibt-182,2,-  Payment type,- 支払タイプ,The type of the the payment.,支払いのタイプ。,0..1,Code,Aligned,Added,2930,/Invoice/cac:PrepaidPayment/cbc:InstructionID,0,1
2870,2440,ibg-20,1,DOCUMENT LEVEL ALLOWANCES,ドキュメントレベルの返還請求,A group of business terms providing information about allowances applicable to the Invoice as a whole.,ドキュメントレベルの返還請求に関する情報。,0..n ,Group,Shared,,2940,/Invoice/cac:AllowanceCharge[cbc:ChargeIndicator=false()],0,unbounded
2890,2450,ibt-092,2,-  Document level allowance amount,- ドキュメントレベルの返還請求金額(税抜き),"The amount of an allowance, without TAX.",返還請求金額(税抜き)。,1..1 ,Amount,Shared,,2990,/Invoice/cac:AllowanceCharge[cbc:ChargeIndicator=false()]/cbc:Amount,1,1
2900,2460,ibt-093,2,-  Document level allowance base amount,- ドキュメントレベルの返還請求金額の基準となる金額,"The base amount that may be used, in conjunction with the document level allowance percentage, to calculate the document level allowance amount.",ドキュメントレベルの返還請求の率を乗じてドキュメントレベルの返還請求金額を算出する際に使用される基準金額。,0..1 ,Amount,Shared,,3000,/Invoice/cac:AllowanceCharge[cbc:ChargeIndicator=false()]/cbc:BaseAmount,0,1
2910,2470,ibt-094,2,-  Document level allowance percentage,- ドキュメントレベルの返還請求の率,"The percentage that may be used, in conjunction with the document level allowance base amount, to calculate the document level allowance amount.",ドキュメントレベルの返還請求基準金額に乗じて、ドキュメントレベルの返還請求金額を算出する際に使用されるパーセント。,0..1 ,Percentage,Shared,,2980,/Invoice/cac:AllowanceCharge[cbc:ChargeIndicator=false()]/cbc:MultiplierFactorNumeric,0,1
2930,2480,ibt-095,2,-  Document level allowance TAX category code,- ドキュメントレベルの返還請求の課税分類コード,A coded identification of what TAX category applies to the document level allowance.,ドキュメントレベルの返還請求に適用される課税分類コード。,1..1 ,Code,Aligned,,3020,/Invoice/cac:AllowanceCharge[cbc:ChargeIndicator=false()]/cac:TaxCategory/cbc:ID,0,1
2940,2490,ibt-096,2,-  Document level allowance TAX rate,- ドキュメントレベルの返還請求の税率,"The TAX rate, represented as percentage that applies to the document level allowance.",ドキュメントレベルの返還請求に適用される消費税率(パーセント)。,0..1 ,Percentage,Aligned,,3030,/Invoice/cac:AllowanceCharge[cbc:ChargeIndicator=false()]/cac:TaxCategory/cbc:Percent,0,1
2960,2500,ibt-097,2,-  Document level allowance reason,- ドキュメントレベルの返還請求の理由,"The reason for the document level allowance, expressed as text.",ドキュメントレベルの返還請求の理由をテキストで表現。,0..1 ,Text,Shared,,2970,/Invoice/cac:AllowanceCharge[cbc:ChargeIndicator=false()]/cbc:AllowanceChargeReason,0,unbounded
2970,2510,ibt-098,2,-  Document level allowance reason code,- ドキュメントレベルの返還請求の理由コード,"The reason for the document level allowance, expressed as a code.",ドキュメントレベルの返還請求の理由コード。,0..1 ,Code,Shared,,2960,/Invoice/cac:AllowanceCharge[cbc:ChargeIndicator=false()]/cbc:AllowanceChargeReasonCode,0,1
2980,2520,ibg-21,1,DOCUMENT LEVEL CHARGES,ドキュメントレベルの追加請求,"A group of business terms providing information about charges and taxes other than TAX, applicable to the Invoice as a whole.",ドキュメントレベルの追加請求や追加税(消費税以外)に関する情報。,0..n ,Group,Shared,,3050,/Invoice/cac:AllowanceCharge[cbc:ChargeIndicator=true()],0,unbounded
3000,2530,ibt-099,2,-  Document level charge amount,- ドキュメントレベルの追加請求金額(税抜き),"The amount of a charge, without TAX.",追加請求金額(税抜き)。,1..1 ,Amount,Shared,,3100,/Invoice/cac:AllowanceCharge[cbc:ChargeIndicator=true()]/cbc:Amount,1,1
3010,2540,ibt-100,2,-  Document level charge base amount,- ドキュメントレベルの追加請求金額の基準となる金額,"The base amount that may be used, in conjunction with the document level charge percentage, to calculate the document level charge amount.",ドキュメントレベルの追加請求率を乗じてドキュメントレベルの追加請求金額を算出する際に使用される基準金額。,0..1 ,Amount,Shared,,3110,/Invoice/cac:AllowanceCharge[cbc:ChargeIndicator=true()]/cbc:BaseAmount,0,1
3020,2550,ibt-101,2,-  Document level charge percentage,- ドキュメントレベルの追加請求の率,"The percentage that may be used, in conjunction with the document level charge base amount, to calculate the document level charge amount.",ドキュメントレベルの追加請求基準金額に乗じてドキュメントレベルの追加請求金額を算出するために使用されるパーセント。,0..1 ,Percentage,Shared,,3090,/Invoice/cac:AllowanceCharge[cbc:ChargeIndicator=true()]/cbc:MultiplierFactorNumeric,0,1
3040,2560,ibt-102,2,-  Document level charge TAX category code,- ドキュメントレベルの追加請求の課税分類コード,A coded identification of what TAX category applies to the document level charge.,ドキュメントレベルの追加請求に適用される課税分類コード。,1..1 ,Code,Aligned,,3130,/Invoice/cac:AllowanceCharge[cbc:ChargeIndicator=true()]/cac:TaxCategory/cbc:ID,0,1
3050,2570,ibt-103,2,-  Document level charge TAX rate,- ドキュメントレベルの追加請求の税率,"The TAX rate, represented as percentage that applies to the document level charge.",ドキュメントレベルの追加請求に適用される消費税率(パーセント)。,0..1 ,Percentage,Aligned,,3140,/Invoice/cac:AllowanceCharge[cbc:ChargeIndicator=true()]/cac:TaxCategory/cbc:Percent,0,1
3070,2580,ibt-104,2,-  Document level charge reason,- ドキュメントレベルの追加請求の理由,"The reason for the document level charge, expressed as text.",ドキュメントレベルの追加請求の理由をテキストで表現。,0..1 ,Text,Shared,,3080,/Invoice/cac:AllowanceCharge[cbc:ChargeIndicator=true()]/cbc:AllowanceChargeReason,0,unbounded
3080,2590,ibt-105,2,-  Document level charge reason code,- ドキュメントレベルの追加請求の理由コード,"The reason for the document level charge, expressed as a code.",ドキュメントレベルの追加請求の理由コード。,0..1 ,Code,Shared,,3070,/Invoice/cac:AllowanceCharge[cbc:ChargeIndicator=true()]/cbc:AllowanceChargeReasonCode,0,1
3090,2600,ibg-22,1,DOCUMENT TOTALS,請求書総合計金額,A group of business terms providing the monetary totals for the Invoice.,請求書合計金額に係る情報。,1..1 ,Group,Shared,,3330,/Invoice/cac:LegalMonetaryTotal,1,1
3100,2610,ibt-106,2,-  Sum of Invoice line net amount,- 値引/割引後請求書明細行金額の合計,Sum of all Invoice line net amounts in the Invoice.,値引/割引後明細行金額の合計金額。,1..1 ,Amount,Shared,,3340,/Invoice/cac:LegalMonetaryTotal/cbc:LineExtensionAmount,0,1
3110,2620,ibt-107,2,-  Sum of allowances on document level,- ドキュメントレベルの返還請求の合計,Sum of all allowances on document level in the Invoice.,ドキュメントレベルの返還請求の合計。,0..1 ,Amount,Shared,,3370,/Invoice/cac:LegalMonetaryTotal/cbc:AllowanceTotalAmount,0,1
3120,2630,ibt-108,2,-  Sum of charges on document level,- ドキュメントレベルの追加請求の合計,Sum of all charges on document level in the Invoice.,ドキュメントレベルの追加請求の合計。,0..1 ,Amount,Shared,,3380,/Invoice/cac:LegalMonetaryTotal/cbc:ChargeTotalAmount,0,1
3130,2640,ibt-109,2,-  Invoice total amount without TAX,- 請求書合計金額(税抜き),The total amount of the Invoice without TAX.,請求書合計金額(税抜き)。,1..1 ,Amount,Shared,,3350,/Invoice/cac:LegalMonetaryTotal/cbc:TaxExclusiveAmount,0,1
3150,2650,ibt-112,2,-  Invoice total amount with TAX,- 請求書合計金額(税込み),The total amount of the Invoice with tax.,請求書合計金額(税込み)。,1..1 ,Amount,Shared,,3360,/Invoice/cac:LegalMonetaryTotal/cbc:TaxInclusiveAmount,0,1
3140,2660,ibt-110,2,-  Invoice total TAX amount,- 請求書消費税合計金額,The total TAX amount for the Invoice.,請求書消費税合計金額。,0..1 ,Amount,Shared,,3160,/Invoice/cac:TaxTotal[cbc:TaxAmount/@currencyID=/Invoice/cbc:DocumentCurrencyCode/text()]/cbc:TaxAmount,1,1
3160,2670,ibt-113,2,-  Paid amount,- 支払済金額,The sum of amounts which have been paid in advance.,事前に支払われた金額の合計。,0..1 ,Amount,Shared,,3390,/Invoice/cac:LegalMonetaryTotal/cbc:PrepaidAmount,0,1
3170,2680,ibt-114,2,-  Rounding amount,- 丸めるための金額,The amount to be added to the invoice total to round the amount to be paid.,支払金額に丸めるために請求書の合計金額に追加される金額。,0..1 ,Amount,Shared,,3400,/Invoice/cac:LegalMonetaryTotal/cbc:PayableRoundingAmount,0,1
3180,2690,ibt-115,2,-  Amount due for payment,- 差引請求金額,The outstanding amount that is requested to be paid.,買い手が支払を要求されている差引請求金額。,1..1 ,Amount,Shared,,3410,/Invoice/cac:LegalMonetaryTotal/cbc:PayableAmount,1,1
3190,2700,ibg-23,1,TAX BREAKDOWN,税内訳情報,"A group of business terms providing information about TAX breakdown by different categories, rates and exemption reasons",課税分類、消費税率、非課税/不課税理由毎の、消費税内訳に関する情報。,1..n ,Group,Shared,,3170,/Invoice/cac:TaxTotal[cbc:TaxAmount/@currencyID=/Invoice/cbc:DocumentCurrencyCode/text()]/cac:TaxSubtotal,0,unbounded
3200,2710,ibt-116,2,-  TAX category taxable amount,- 課税分類毎の課税基準額,Sum of all taxable amounts subject to a specific TAX category code and TAX category rate (if the TAX category rate is applicable).,課税分類/課税分類の消費税率毎の課税基準額の合計。,1..1 ,Amount,Aligned,,3180,/Invoice/cac:TaxTotal[cbc:TaxAmount/@currencyID=/Invoice/cbc:DocumentCurrencyCode/text()]/cac:TaxSubtotal/cbc:TaxableAmount,0,1
3210,2720,ibt-117,2,-  TAX category tax amount,- 課税分類毎の消費税額,The total TAX amount for a given TAX category.,課税分類毎の消費税額合計。,1..1 ,Amount,Aligned,,3190,/Invoice/cac:TaxTotal[cbc:TaxAmount/@currencyID=/Invoice/cbc:DocumentCurrencyCode/text()]/cac:TaxSubtotal/cbc:TaxAmount,1,1
3230,2730,ibt-118,2,-  TAX category code,- 課税分類コード,Coded identification of a TAX category.,消費税の課税分類属性(標準税率、軽減税率など)を識別するためのコード。,1..1 ,Code,Aligned,,3210,/Invoice/cac:TaxTotal[cbc:TaxAmount/@currencyID=/Invoice/cbc:DocumentCurrencyCode/text()]/cac:TaxSubtotal/cac:TaxCategory/cbc:ID,0,1
3250,2740,ibt-119,2,-  TAX category rate,- 課税分類毎の税率,"The TAX rate, represented as percentage that applies for the relevant TAX category.",課税分類毎の税額計算のための率。,0..1 ,Percentage,Aligned,,3220,/Invoice/cac:TaxTotal[cbc:TaxAmount/@currencyID=/Invoice/cbc:DocumentCurrencyCode/text()]/cac:TaxSubtotal/cac:TaxCategory/cbc:Percent,0,1
3260,2750,ibt-120,2,-  TAX exemption reason text,- 非課税理由テキスト,A textual statement of the reason why the amount is exempted from TAX or why no TAX is being charged,非課税または課税されない理由をテキストで表現。,0..1 ,Text,Aligned,,3240,/Invoice/cac:TaxTotal[cbc:TaxAmount/@currencyID=/Invoice/cbc:DocumentCurrencyCode/text()]/cac:TaxSubtotal/cac:TaxCategory/cbc:TaxExemptionReason,0,unbounded
3270,2760,ibt-121,2,-  TAX exemption reason code,- 非課税理由コード,A coded statement of the reason for why the amount is exempted from TAX.,非課税または課税されない理由をコードで表現。,0..1 ,Code,Aligned,,3230,/Invoice/cac:TaxTotal[cbc:TaxAmount/@currencyID=/Invoice/cbc:DocumentCurrencyCode/text()]/cac:TaxSubtotal/cac:TaxCategory/cbc:TaxExemptionReasonCode,0,1
3280,2770,ibg-37,1,TAX IN NATIONAL CURRENCY,会計通貨での請求書消費税,A group of tax terms to provide tax amounts in national currency when different from invoice currency.,,0..1,Group,Aligned,Added for JP-PINT,3260,/Invoice/cac:TaxTotal[cbc:TaxAmount/@currencyID=/Invoice/cbc:TaxCurrencyCode/text()],,
3290,2780,ibt-111,2,-  Invoice total TAX amount in accounting currency,- 会計通貨での請求書消費税合計金額,The TAX total amount expressed in the accounting currency accepted or required in the country of the Seller.,売り手の国で認められた、又は要求された会計通貨での消費税合計金額。,1..1,Amount,Aligned,Moved here from under DOCUMENT TOTALS for JP-PINT,3270,/Invoice/cac:TaxTotal[cbc:TaxAmount/@currencyID=/Invoice/cbc:TaxCurrencyCode/text()]/cbc:TaxAmount,1,1
3300,2790,ibg-38,2,-  TAX BREAKDOWN IN NATIONAL CURRENCY,- 会計通貨での税内訳情報,A group of business terms providing information about TAX breakdown in national currency.,,1..n ,Group,Aligned,Added for JP-PINT,3280,/Invoice/cac:TaxTotal[cbc:TaxAmount/@currencyID=/Invoice/cbc:TaxCurrencyCode/text()]/cac:TaxSubtotal,,
3310,2800,ibt-190,3,- -  TAX category TAX amount in national currency,- - 会計通貨での課税分類毎の消費税額,The total TAX amount for a given TAX category stated in the national currency.,,1..1,Code,Aligned,Added for JP-PINT,3290,/Invoice/cac:TaxTotal[cbc:TaxAmount/@currencyID=/Invoice/cbc:TaxCurrencyCode/text()]/cac:TaxSubtotal/cbc:TaxAmount,,
3330,2810,ibt-192,3,- -  TAX category code,- - 会計通貨での課税分類コード,Coded identification of a TAX category.,,1..1,Code,Aligned,Added for JP-PINT,3320,/Invoice/cac:TaxTotal[cbc:TaxAmount/@currencyID=/Invoice/cbc:TaxCurrencyCode/text()]/cac:TaxSubtotal/cac:TaxCategory/cbc:ID,,
3340,2820,ibt-193,3,- -  TAX category rate,- - 会計通貨での課税分類毎の税率,"The TAX rate, represented as percentage that applies for the relevant TAX category.",,0..1,Percentage,Aligned,Added for JP-PINT,3310,/Invoice/cac:TaxTotal[cbc:TaxAmount/@currencyID=/Invoice/cbc:TaxCurrencyCode/text()]/cac:TaxSubtotal/cac:TaxCategory/cbc:Percent,,
3350,2830,ibg-24,1,ADDITIONAL SUPPORTING DOCUMENTS,添付書類,A group of business terms providing information about additional supporting documents substantiating the claims made in the Invoice.,請求書内で行われたクレームを実証する添付書類についての情報。大規模な添付ファイルの場合や、個人関連サービスなどの機密情報を請求書自体から分離する必要がある場合など、外部ドキュメントにリンクするオプションが必要になる。,0..n ,Group,Shared,,1330,/Invoice/cac:AdditionalDocumentReference[not(cbc:DocumentTypeCode='130')],0,unbounded
3360,2840,ibt-122,2,-  Supporting document reference,- 添付書類への参照,An identifier of the supporting document.,添付書類のID。,1..1 ,Document Reference,Shared,,1340,/Invoice/cac:AdditionalDocumentReference[not(cbc:DocumentTypeCode='130')]/cbc:ID,1,1
3370,2850,ibt-123,2,-  Supporting document description,- 添付書類の説明,A description of the supporting document.,添付書類の説明。,0..1 ,Text,Shared,,1390,/Invoice/cac:AdditionalDocumentReference[not(cbc:DocumentTypeCode='130')]/cbc:DocumentDescription,0,unbounded
3400,2860,ibt-124,2,-  External document location,- 添付書類の保管場所(外部),The URL (Uniform Resource Locator) that identifies where the external document is located.,添付書類が存在する場所を識別するための URL。,0..1 ,Text,Shared,,1450,/Invoice/cac:AdditionalDocumentReference[not(cbc:DocumentTypeCode='130')]/cac:Attachment/cac:ExternalReference/cbc:URI,0,1
3410,2870,ibt-125,2,-  Attached document,- 添付書類,An attached document embedded as binary object or sent together with the invoice.,バイナリオブジェクトとして埋め込まれた、または請求書と一緒に送られた添付書類。,0..1 ,Binary Objects,Shared,,1410,/Invoice/cac:AdditionalDocumentReference[not(cbc:DocumentTypeCode='130')]/cac:Attachment/cbc:EmbeddedDocumentBinaryObject,0,1
3420,2880,ibt-125-1,3,- -  Attached document Mime code,- - 添付書類MIMEコード,Allowed mime codes: application/pdf image/png image/jpeg text/csv application/vnd.openxmlformats-officedocument.spreadsheetml.sheet application/vnd.oasis.opendocument.spreadsheet,"許可されているMIMEコード:
- application/pdf 
- image/png 
- image/jpeg 
- text/csv 
- application/vnd.openxmlformats-officedocument.spreadsheetml.sheet 
- application/vnd.oasis.opendocument.spreadsheet",1..1 ,Mime Code,Aligned,,1420,/Invoice/cac:AdditionalDocumentReference[not(cbc:DocumentTypeCode='130')]/cac:Attachment/cbc:EmbeddedDocumentBinaryObject/@mimeCode,-,
3430,2890,ibt-125-2,3,- -  Attached document Filename,- - 添付書類ファイル名,,添付書類のファイル名。,1..1 ,Filename,Shared,,1430,/Invoice/cac:AdditionalDocumentReference[not(cbc:DocumentTypeCode='130')]/cac:Attachment/cbc:EmbeddedDocumentBinaryObject/@filename,-,
3440,2900,ibg-25,1,INVOICE LINE,請求書明細行,A group of business terms providing information on individual Invoice lines.,請求書明細行に関する情報。,1..n ,Group,Shared,,3420,/Invoice/cac:InvoiceLine,1,unbounded
3450,2910,ibt-126,2,-  Invoice line identifier,- 請求書明細行ID,A unique identifier for the individual line within the Invoice.,この請求書内で個々の明細行を一意に識別するためのID。,1..1 ,Identifier,Shared,,3430,/Invoice/cac:InvoiceLine/cbc:ID,1,1
3460,2920,ibt-127,2,-  Invoice line note,- 請求書明細行注釈,A textual note that gives unstructured information that is relevant to the Invoice line.,請求書明細行に関連する構造化されていない情報を提供するためのテキスト、注釈。,0..1 ,Text,Shared,,3440,/Invoice/cac:InvoiceLine/cbc:Note,0,unbounded
3470,2930,ibg-36,2,-  LINE DOCUMENT REFERENCE,- 明細行文書参照,"An identifier for an object on which the invoice line is based, given by the Seller.",,,,,,3560,/Invoice/cac:InvoiceLine/cac:DocumentReference[cbc:DocumentTypeCode='130'],0,unbounded
3480,2940,ibt-128,2,-  Invoice line object identifier,- 請求書明細行オブジェクトID,"An identifier for an object on which the invoice line is based, given by the Seller.",売り手によって提供された、請求書明細行の根拠となるオブジェクトのID。必要に応じて、予約番号、電話番号、メーターポイントなどを指定できる。,0..1 ,Identifier,Shared,,3570,/Invoice/cac:InvoiceLine/cac:DocumentReference[cbc:DocumentTypeCode='130']/cbc:ID,1,1
3490,2950,ibt-128-1,3,- -  Scheme identifier,- - スキーマID,"If it may be not clear for the receiver what scheme is used for the identifier, a conditional scheme identifier should be used that shall be chosen from the UNTDID 1153 code list [6] entries.",受信者にどのスキーマを使用したか明らかにしていない場合は、UNTDID 1153 code list [6] から選択した、スキーマIDを使用しなければならない。,0..1 ,Scheme identifier,Shared,,3580,/Invoice/cac:InvoiceLine/cac:DocumentReference[cbc:DocumentTypeCode='130']/cbc:ID/@schemeID,-,
3510,2960,ibt-188,3,- -  Invoice line document identifier,- - 明細行文書識別子,An identifiers for a document that the invoice line referes to.,請求書明細行が参照する文書の識別子,0..1 ,Document Reference,Aligned,Added for JP-PINT,3600,/Invoice/cac:InvoiceLine/cac:DocumentReference[not(cbc:DocumentTypeCode='130')]/cbc:ID,0,1
3520,2970,ibt-189,3,- -  Document type code,- - 文書タイプコード,A code that qualifies the type of the document that is referenced.,参照文書を区別するコード,0..1,Code,Aligned,Added for JP-PINT,3610,/Invoice/cac:InvoiceLine/cac:DocumentReference[not(cbc:DocumentTypeCode='130')]/cbc:DocumentTypeCode,0,1
3530,2980,ibt-129,2,-  Invoiced quantity,- 請求される数量,The quantity of items (goods or services) that is charged in the Invoice line.,請求書明細行で請求する品目(商品やサービス)の数量。,1..1 ,Quantity,Shared,,3450,/Invoice/cac:InvoiceLine/cbc:InvoicedQuantity,0,1
3540,2990,ibt-130,2,-  Invoiced quantity unit of measure code,- 請求される数量の数量単位コード,The unit of measure that applies to the invoiced quantity.,請求数量に適用する数量単位コード。,1..1 ,Code,Shared,,3460,/Invoice/cac:InvoiceLine/cbc:InvoicedQuantity/@unitCode,-,
3550,3000,ibt-131,2,-  Invoice line net amount,- 値引/割引後請求書明細行金額(税抜き),The total amount of the Invoice line.,値引/割引後の請求書明細行の合計金額(税抜き)。,1..1 ,Amount,Shared,,3470,/Invoice/cac:InvoiceLine/cbc:LineExtensionAmount,1,1
3570,3010,ibt-132,2,-  Referenced purchase order line reference,- 購買発注明細行参照,"An identifier for a referenced line within a purchase order, issued by the Buyer.",買い手が発番した発注書内の明細行を参照するためのID。,0..1 ,Document Reference,Shared,,3530,/Invoice/cac:InvoiceLine/cac:OrderLineReference/cbc:LineID,1,1
3580,3020,ibt-183,2,-  Order reference,- 受注参照,"An identifier for a referenced purchase order, issued by the Buyer.",買い手が発番した発注番号を参照するためのID。,0..1,Document Reference,Aligned,Added,3540,/Invoice/cac:InvoiceLine/cac:OrderLineReference/cac:OrderReference/cbc:ID,1,1
3590,3030,ibt-184,2,-  Despatch advice reference,- 出荷案内書(納品書)参照,An identifier for a referenced despatch advice.,この請求書が参照する出荷案内書（納品書）のID。,0..1,Document Reference,Aligned,Added,3550,/Invoice/cac:InvoiceLine/cac:DespatchLineReference/cac:DocumentReference/cbc:ID,1,1
3600,3040,ibt-133,2,-  Invoice line Buyer accounting reference,- 請求書明細行買い手会計参照,A textual value that specifies where to book the relevant data into the Buyer's financial accounts.,請求書明細行に関連したデータを買い手のどの勘定科目で記帳するかを指定するテキスト。必要に応じて、請求書を発するときに、この参照情報を買い手が売り手に提供する。,0..1 ,Text,Shared,,3480,/Invoice/cac:InvoiceLine/cbc:AccountingCost,0,1
3610,3050,ibg-26,2,-  INVOICE LINE PERIOD,- 請求書明細行の期間,A group of business terms providing information about the period relevant for the Invoice line.,請求書明細行に関連する期間に関する情報,0..1 ,Group,Shared,,3490,/Invoice/cac:InvoiceLine/cac:InvoicePeriod,0,unbounded
3620,3060,ibt-134,3,- -  Invoice line period start date,- - 請求書明細行の期間開始日,The date when the Invoice period for this Invoice line starts.,請求書明細行の請求期間が開始する日付,0..1 ,Date,Shared,,3500,/Invoice/cac:InvoiceLine/cac:InvoicePeriod/cbc:StartDate,0,1
3630,3070,ibt-135,3,- -  Invoice line period end date,- - 請求書明細行の期間終了日,The date when the Invoice period for this Invoice line ends.,請求書明細行の請求期間が終了する日付,0..1 ,Date,Shared,,3510,/Invoice/cac:InvoiceLine/cac:InvoicePeriod/cbc:EndDate,0,1
3640,3080,ibg-27,2,-  INVOICE LINE ALLOWANCES,- 請求書明細行の返還請求,A group of business terms providing information about allowances applicable to the individual Invoice line.,請求書明細行に適用可能な控除（返還請求）に関する情報。,0..n ,Group,Shared,,3620,/Invoice/cac:InvoiceLine/cac:AllowanceCharge[cbc:ChargeIndicator=false()],0,unbounded
3650,3090,ibt-136,3,- -  Invoice line allowance amount,- - 請求書明細行の返還請求金額(税抜き),"The amount of an allowance, without TAX.",返還請求金額(税抜き)。,1..1 ,Amount,Shared,,3660,/Invoice/cac:InvoiceLine/cac:AllowanceCharge[cbc:ChargeIndicator=false()]/cbc:Amount,1,1
3660,3100,ibt-137,3,- -  Invoice line allowance base amount,- - 請求書明細行の返還請求金額の基準金額,"The base amount that may be used, in conjunction with the Invoice line allowance percentage, to calculate the Invoice line allowance amount.",請求書明細行の返還請求率を乗じて請求書明細行の返還請求金額を算出する際に使用される基準金額。,0..1 ,Amount,Shared,,3670,/Invoice/cac:InvoiceLine/cac:AllowanceCharge[cbc:ChargeIndicator=false()]/cbc:BaseAmount,0,1
3670,3110,ibt-138,3,- -  Invoice line allowance percentage,- - 請求書明細行の返還請求の率,"The percentage that may be used, in conjunction with the Invoice line allowance base amount, to calculate the Invoice line allowance amount.",請求書明細行の返還請求基準金額を乗じて請求書明細行の返還請求金額を算出する際に使用されるパーセント。,0..1 ,Percentage,Shared,,3650,/Invoice/cac:InvoiceLine/cac:AllowanceCharge[cbc:ChargeIndicator=false()]/cbc:MultiplierFactorNumeric,0,1
3680,3120,ibt-139,3,- -  Invoice line allowance reason,- - 請求書明細行の返還請求理由,"The reason for the Invoice line allowance, expressed as text.",請求書明細行の返還請求理由をテキストで表現。,0..1 ,Text,Shared,,3640,/Invoice/cac:InvoiceLine/cac:AllowanceCharge[cbc:ChargeIndicator=false()]/cbc:AllowanceChargeReason,0,unbounded
3690,3130,ibt-140,3,- -  Invoice line allowance reason code,- - 請求書明細行の返還請求理由コード,"The reason for the Invoice line allowance, expressed as a code.",請求書明細行の返還請求理由をコードで表現。,0..1 ,Code,Shared,,3630,/Invoice/cac:InvoiceLine/cac:AllowanceCharge[cbc:ChargeIndicator=false()]/cbc:AllowanceChargeReasonCode,0,1
3700,3140,ibg-28,2,-  INVOICE LINE CHARGES,- 請求書明細行の追加請求,A group of business terms providing information about charges and taxes other than TAX applicable to the individual Invoice line.,請求書明細行に適用可能な追加請求や消費税以外の税金に関する情報。,0..n ,Group,Shared,,3680,/Invoice/cac:InvoiceLine/cac:AllowanceCharge[cbc:ChargeIndicator=true()],0,unbounded
3710,3150,ibt-141,3,- -  Invoice line charge amount,- - 請求書明細行の追加請求金額(税抜き),"The amount of a charge, without TAX.",追加請求金額(税抜き)。,1..1 ,Amount,Shared,,3720,/Invoice/cac:InvoiceLine/cac:AllowanceCharge[cbc:ChargeIndicator=true()]/cbc:Amount,1,1
3720,3160,ibt-142,3,- -  Invoice line charge base amount,- - 請求書明細行の追加請求の基準金額,"The base amount that may be used, in conjunction with the Invoice line charge percentage, to calculate the Invoice line charge amount.",請求書明細行の追加請求金額を計算するために、請求書明細行の追加請求率が適用される基準金額。,0..1 ,Amount,Shared,,3730,/Invoice/cac:InvoiceLine/cac:AllowanceCharge[cbc:ChargeIndicator=true()]/cbc:BaseAmount,0,1
3730,3170,ibt-143,3,- -  Invoice line charge percentage,- - 請求書明細行の追加請求の率,"The percentage that may be used, in conjunction with the Invoice line charge base amount, to calculate the Invoice line charge amount.",請求書明細行の追加請求基準金額に対して請求書明細行の追加請求金額の計算に使用するパーセント。,0..1 ,Percentage,Shared,,3710,/Invoice/cac:InvoiceLine/cac:AllowanceCharge[cbc:ChargeIndicator=true()]/cbc:MultiplierFactorNumeric,0,1
3740,3180,ibt-144,3,- -  Invoice line charge reason,- - 請求書明細行の追加請求理由,"The reason for the Invoice line charge, expressed as text.",請求書明細行の追加請求理由をテキストで表現。,0..1 ,Text,Shared,,3700,/Invoice/cac:InvoiceLine/cac:AllowanceCharge[cbc:ChargeIndicator=true()]/cbc:AllowanceChargeReason,0,unbounded
3750,3190,ibt-145,3,- -  Invoice line charge reason code,- - 請求書明細行の追加請求理由コード,"The reason for the Invoice line charge, expressed as a code.",請求書明細行の追加請求理由をコードで表現。,0..1 ,Code,Shared,,3690,/Invoice/cac:InvoiceLine/cac:AllowanceCharge[cbc:ChargeIndicator=true()]/cbc:AllowanceChargeReasonCode,0,1
3760,3200,ibg-29,2,-  PRICE DETAILS,- 取引価格詳細,A group of business terms providing information about the price applied for the goods and services invoiced on the Invoice line.,請求書明細行で請求される財、サービスに適用される価格に係る情報,1..1 ,Group,Shared,,4010,/Invoice/cac:InvoiceLine/cac:Price,0,1
3770,3210,ibt-146,3,- -  Item net price,- - 品目単価(値引/割引後)(税抜き),"The price of an item, exclusive of TAX, after subtracting item price discount.",値引/割引金額を差し引いた後の、消費税を除く品目単価。,1..1 ,Unit Price Amount,Shared,,4020,/Invoice/cac:InvoiceLine/cac:Price/cbc:PriceAmount,1,1
3780,3220,ibt-147,3,- -  Item price discount,- - 品目単価値引/割引(税抜き),The total discount subtracted from the Item gross price to calculate the Item net price.,品目単価(値引/割引後)(税抜き)を計算するために、品目単価(値引/割引前)(税抜き)から差し引かれる値引/割引。,0..1 ,Unit Price Amount,Shared,,4050,/Invoice/cac:InvoiceLine/cac:Price/cac:AllowanceCharge[cbc:ChargeIndicator=false()]/cbc:Amount,1,1
3790,3230,ibt-148,3,- -  Item gross price,- - 品目単価(値引/割引前)(税抜き),"The unit price, exclusive of TAX, before subtracting Item price discount.",値引/割引(税抜き)を差し引く前の、品目単価(税抜き)。,0..1 ,Unit Price Amount,Shared,,4060,/Invoice/cac:InvoiceLine/cac:Price/cac:AllowanceCharge[cbc:ChargeIndicator=false()]/cbc:BaseAmount,0,1
3810,3240,ibt-149,3,- -  Item price base quantity,- - 品目単価基準数量,The number of item units to which the price applies.,単価が適用される品目単位の数。,0..1 ,Quantity,Shared,,4030,/Invoice/cac:InvoiceLine/cac:Price/cbc:BaseQuantity,0,1
3820,3250,ibt-150,3,- -  Item price base quantity unit of measure code,- - 品目単価基準数量の数量単位コード,The unit of measure that applies to the Item price base quantity.,品目単価基準数量に適用される単位。,0..1 ,Code,Shared,,4040,/Invoice/cac:InvoiceLine/cac:Price/cbc:BaseQuantity/@unitCode,-,
3830,3260,ibg-30,2,-  LINE TAX INFORMATION,- 請求書明細行税情報,A group of business terms providing information about the TAX applicable for the goods and services invoiced on the Invoice line.,請求書明細行で請求される財、サービスに適用される消費税に係る情報。,1..n ,Group,Aligned,Cardinality from 1..1 to 1..n,3900,/Invoice/cac:InvoiceLine/cac:Item/cac:ClassifiedTaxCategory,0,unbounded
3840,3270,ibt-151,3,- -  Invoiced item TAX category code,- - 請求される品目に対する課税分類コード,The TAX category code for the invoiced item.,請求される品目に対して適用される課税分類コード。,1..1 ,Code,Aligned,,3910,/Invoice/cac:InvoiceLine/cac:Item/cac:ClassifiedTaxCategory/cbc:ID,0,1
3850,3280,ibt-152,3,- -  Invoiced item TAX rate,- - 請求される品目に対する税率,"The TAX rate, represented as percentage that applies to the invoiced item.",請求される品目に対して適用される税率で、パーセントで表現。,0..1 ,Percentage,Aligned,,3920,/Invoice/cac:InvoiceLine/cac:Item/cac:ClassifiedTaxCategory/cbc:Percent,0,1
3860,3290,ibt-185,3,- -  TAX exemption reason text,- - 非課税理由コード,A textual statement of the reason why the line amount is exempted from TAX or why no TAX is being charged,非課税または課税されない理由をコードで表現。,0..1,Code,Aligned,Added,3940,/Invoice/cac:InvoiceLine/cac:Item/cac:ClassifiedTaxCategory/cbc:TaxExemptionReasonCode,0,1
3870,3300,ibt-186,3,- -  TAX exemption reason code,- - 非課税理由テキスト,A coded statement of the reason for why the line amount is exempted from TAX.,非課税または課税されない理由をテキストで表現。,0..1,Text,Aligned,Added,3950,/Invoice/cac:InvoiceLine/cac:Item/cac:ClassifiedTaxCategory/cbc:TaxExemptionReason,0,unbounded
3880,3310,ibt-166,3,- -  Unit TAX,- - 単位税額,A TAX amount that applied to each item unit.,品目単位に適用される消費税額。,0..1,Amount,Aligned,Added,3930,/Invoice/cac:InvoiceLine/cac:Item/cac:ClassifiedTaxCategory/cbc:PerUnitAmount,0,1
3900,3320,ibt-167,3,- -  Tax Scheme,- - 税スキーマ,A code indicating the type of tax,税の種類を示すコード。,0..1,Scheme identifier,Aligned,Added,3970,/Invoice/cac:InvoiceLine/cac:Item/cac:ClassifiedTaxCategory/cac:TaxScheme/cbc:ID,0,1
3910,3330,ibg-31,2,-  ITEM INFORMATION,- 品目情報,A group of business terms providing information about the goods and services invoiced.,請求される財、サービスに係る情報。,1..1 ,Group,Shared,,3740,/Invoice/cac:InvoiceLine/cac:Item,1,1
3920,3340,ibt-153,3,- -  Item name,- - 品名,A name for an item.,取引品目の品名。,1..1 ,Text,Shared,,3760,/Invoice/cac:InvoiceLine/cac:Item/cbc:Name,0,1
3930,3350,ibt-154,3,- -  Item description,- - 品目摘要,A description for an item.,取引品目を説明した文章。,0..n ,Text,Shared,,3750,/Invoice/cac:InvoiceLine/cac:Item/cbc:Description,0,unbounded
3950,3360,ibt-155,3,- -  Item Seller's identifier,- - 売り手による品目ID,"An identifier, assigned by the Seller, for the item.",売り手が取引品目に割当てたID,0..1 ,Identifier,Shared,,3800,/Invoice/cac:InvoiceLine/cac:Item/cac:SellersItemIdentification/cbc:ID,1,1
3970,3370,ibt-156,3,- -  Item Buyer's identifier,- - 買い手による品目ID,"An identifier, assigned by the Buyer, for the item.",買い手が取引品目に割当てたID,0..1 ,Identifier,Shared,,3780,/Invoice/cac:InvoiceLine/cac:Item/cac:BuyersItemIdentification/cbc:ID,1,1
3990,3380,ibt-157,3,- -  Item standard identifier,- - 品目標準ID,An item identifier based on a registered scheme.,登録されているスキーマに基づいた品目ID。,0..1 ,Identifier,Shared,,3820,/Invoice/cac:InvoiceLine/cac:Item/cac:StandardItemIdentification/cbc:ID,1,1
4000,3390,ibt-157-1,4,- - -  Scheme identifier,- - - スキーマID,The identification scheme shall be identified from the entries of the list published by the ISO/IEC 6523 maintenance agency.,ISO/IEC 6523 で公開されているエントリの一覧から選択した、品目標準IDのスキーマID。,1..1 ,Scheme identifier,Shared,,3830,/Invoice/cac:InvoiceLine/cac:Item/cac:StandardItemIdentification/cbc:ID/@schemeID,-,
4020,3400,ibt-158,3,- -  Item classification identifier,- - 品目分類ID,A code for classifying the item by its type or nature.,種類や性質によって品目を分類するコード。,0..n ,Identifier,Shared,,3870,/Invoice/cac:InvoiceLine/cac:Item/cac:CommodityClassification/cbc:ItemClassificationCode,0,1
4030,3410,ibt-158-1,4,- - -  Scheme identifier,- - - スキーマID,The identification scheme shall be chosen from the entries in UNTDID 7143 [6].,品目分類IDの識別スキーマID。,1..1 ,Scheme identifier,Shared,,3880,/Invoice/cac:InvoiceLine/cac:Item/cac:CommodityClassification/cbc:ItemClassificationCode/@listID,-,
4040,3420,ibt-158-2,4,- - -  Scheme version identifier,- - - スキーマのバージョンID,,スキーマのバージョン。,0..1 ,Scheme identifier,Shared,,3890,/Invoice/cac:InvoiceLine/cac:Item/cac:CommodityClassification/cbc:ItemClassificationCode/@listVersionID,-,
4060,3430,ibt-159,3,- -  Item country of origin,- - 品目の原産国,The code identifying the country from which the item originates.,品目の原産国を識別するコード。,0..1 ,Code,Shared,,3850,/Invoice/cac:InvoiceLine/cac:Item/cac:OriginCountry/cbc:IdentificationCode,0,1
4070,3440,ibg-32,3,- -  ITEM ATTRIBUTES,- - 品目属性,A group of business terms providing information about properties of the goods and services invoiced.,品目およびサービスのプロパティに関する情報,0..n ,Group,Shared,,3980,/Invoice/cac:InvoiceLine/cac:Item/cac:AdditionalItemProperty,0,unbounded
4080,3450,ibt-160,4,- - -  Item attribute name,- - - 品目属性名,The name of the attribute or property of the item.,品目の属性またはプロパティの名称。,1..1 ,Text,Shared,,3990,/Invoice/cac:InvoiceLine/cac:Item/cac:AdditionalItemProperty/cbc:Name,1,1
4090,3460,ibt-161,4,- - -  Item attribute value,- - - 品目属性値,The value of the attribute or property of the item.,品目の属性またはプロパティの値。,1..1 ,Text,Shared,,4000,/Invoice/cac:InvoiceLine/cac:Item/cac:AdditionalItemProperty/cbc:Value,0,1
1100,,,,,,,,,,,,1460,/Invoice/cac:ProjectReference,0,unbounded
1120,,,,,,,,,,,,1310,/Invoice/cac:ContractDocumentReference,0,unbounded
1140,,,,,,,,,,,,1180,/Invoice/cac:OrderReference,0,1
1170,,,,,,,,,,,,1270,/Invoice/cac:ReceiptDocumentReference,0,unbounded
1190,,,,,,,,,,,,1250,/Invoice/cac:DespatchDocumentReference,0,unbounded
1210,,,,,,,,,,,,1290,/Invoice/cac:OriginatorDocumentReference,0,unbounded
1230,,,,,,,,,,,,1350,/Invoice/cac:AdditionalDocumentReference[cbc:DocumentTypeCode='130'],0,unbounded
1260,,,,,,,,,,,,1380,/Invoice/cac:AdditionalDocumentReference/cbc:DocumentTypeCode,0,1
1400,,,,,,,,,,,,1220,/Invoice/cac:BillingReference/cac:InvoiceDocumentReference,0,1
1440,,,,,,,,,,,,1490,/Invoice/cac:AccountingSupplierParty/cac:Party,0,1
1450,,,,,,,,,,,,1720,/Invoice/cac:AccountingSupplierParty/cac:Party/cac:PartyLegalEntity,0,unbounded
1470,,,,,,,,,,,,1560,/Invoice/cac:AccountingSupplierParty/cac:Party/cac:PartyName,0,unbounded
1490,,,,,,,,,,,,1520,/Invoice/cac:AccountingSupplierParty/cac:Party/cac:PartyIdentification,0,unbounded
1560,,,,,,,,,,,,1680,/Invoice/cac:AccountingSupplierParty/cac:Party/cac:PartyTaxScheme,0,unbounded
1590,,,,,,,,,,,,1710,/Invoice/cac:AccountingSupplierParty/cac:Party/cac:PartyTaxScheme/cac:TaxScheme,1,1
1660,,,,,,,,,,,,1640,/Invoice/cac:AccountingSupplierParty/cac:Party/cac:PostalAddress/cac:AddressLine,0,unbounded
1710,,,,,,,,,,,,1660,/Invoice/cac:AccountingSupplierParty/cac:Party/cac:PostalAddress/cac:Country,0,1
1780,,,,,,,,,,,,1820,/Invoice/cac:AccountingCustomerParty/cac:Party,0,1
1790,,,,,,,,,,,,2030,/Invoice/cac:AccountingCustomerParty/cac:Party/cac:PartyLegalEntity,0,unbounded
1810,,,,,,,,,,,,1880,/Invoice/cac:AccountingCustomerParty/cac:Party/cac:PartyName,0,unbounded
1830,,,,,,,,,,,,1850,/Invoice/cac:AccountingCustomerParty/cac:Party/cac:PartyIdentification,0,unbounded
1880,,,,,,,,,,,,2000,/Invoice/cac:AccountingCustomerParty/cac:Party/cac:PartyTaxScheme,0,unbounded
1900,,,,,,,,,,,,2020,/Invoice/cac:AccountingCustomerParty/cac:Party/cac:PartyTaxScheme/cac:TaxScheme,1,1
1960,,,,,,,,,,,,1960,/Invoice/cac:AccountingCustomerParty/cac:Party/cac:PostalAddress/cac:AddressLine,0,unbounded
2010,,,,,,,,,,,,1980,/Invoice/cac:AccountingCustomerParty/cac:Party/cac:PostalAddress/cac:Country,0,1
2080,,,,,,,,,,,,2150,/Invoice/cac:PayeeParty/cac:PartyName,0,unbounded
2100,,,,,,,,,,,,2120,/Invoice/cac:PayeeParty/cac:PartyIdentification,0,unbounded
2130,,,,,,,,,,,,2170,/Invoice/cac:PayeeParty/cac:PartyLegalEntity,0,unbounded
2170,,,,,,,,,,,,2210,/Invoice/cac:TaxRepresentativeParty/cac:PartyName,0,unbounded
2190,,,,,,,,,,,,2330,/Invoice/cac:TaxRepresentativeParty/cac:PartyTaxScheme,0,unbounded
2210,,,,,,,,,,,,2350,/Invoice/cac:TaxRepresentativeParty/cac:PartyTaxScheme/cac:TaxScheme,1,1
2250,,,,,,,,,,,,2290,/Invoice/cac:TaxRepresentativeParty/cac:PostalAddress/cac:AddressLine,0,unbounded
2300,,,,,,,,,,,,2310,/Invoice/cac:TaxRepresentativeParty/cac:PostalAddress/cac:Country,0,1
2330,,,,,,,,,,,,2510,/Invoice/cac:Delivery/cac:DeliveryParty,0,1
2340,,,,,,,,,,,,2520,/Invoice/cac:Delivery/cac:DeliveryParty/cac:PartyName,0,unbounded
2360,,,,,,,,,,,,2380,/Invoice/cac:Delivery/cac:DeliveryLocation,0,1
2500,,,,,,,,,,,,2490,/Invoice/cac:Delivery/cac:DeliveryLocation/cac:Address/cac:Country,0,1
2620,,,,,,,,,,,,2640,/Invoice/cac:PaymentMeans/cac:PayeeFinancialAccount/cac:FinancialInstitutionBranch,0,1
2700,,,,,,,,,,,,2720,/Invoice/cac:PaymentMeans/cac:PayeeFinancialAccount/cac:FinancialInstitutionBranch/cac:Address/cac:AddressLine,0,unbounded
2720,,,,,,,,,,,,2740,/Invoice/cac:PaymentMeans/cac:PayeeFinancialAccount/cac:FinancialInstitutionBranch/cac:Address/cac:Country,0,1
2760,,,,,,,,,,,,2780,/Invoice/cac:PaymentMeans/cac:CardAccount/cbc:NetworkID,1,1
2800,,,,,,,,,,,,2820,/Invoice/cac:PaymentMeans/cac:PaymentMandate/cac:PayerFinancialAccount,0,1
2880,,,,,,,,,,,,2950,/Invoice/cac:AllowanceCharge[cbc:ChargeIndicator=false()]/cbc:ChargeIndicator,1,1
2920,,,,,,,,,,,,3010,/Invoice/cac:AllowanceCharge[cbc:ChargeIndicator=false()]/cac:TaxCategory,0,unbounded
2950,,,,,,,,,,,,3040,/Invoice/cac:AllowanceCharge[cbc:ChargeIndicator=false()]/cac:TaxCategory/cac:TaxScheme,1,1
2990,,,,,,,,,,,,3060,/Invoice/cac:AllowanceCharge[cbc:ChargeIndicator=true()]/cbc:ChargeIndicator,1,1
3030,,,,,,,,,,,,3120,/Invoice/cac:AllowanceCharge[cbc:ChargeIndicator=true()]/cac:TaxCategory,0,unbounded
3060,,,,,,,,,,,,3150,/Invoice/cac:AllowanceCharge[cbc:ChargeIndicator=true()]/cac:TaxCategory/cac:TaxScheme,1,1
3220,,,,,,,,,,,,3200,/Invoice/cac:TaxTotal[cbc:TaxAmount/@currencyID=/Invoice/cbc:DocumentCurrencyCode/text()]/cac:TaxSubtotal/cac:TaxCategory,1,1
3240,,,,,,,,,,,,3250,/Invoice/cac:TaxTotal[cbc:TaxAmount/@currencyID=/Invoice/cbc:DocumentCurrencyCode/text()]/cac:TaxSubtotal/cac:TaxCategory/cac:TaxScheme,1,1
3320,,,,,,,,,,,,3300,/Invoice/cac:TaxTotal[cbc:TaxAmount/@currencyID=/Invoice/cbc:TaxCurrencyCode/text()]/cac:TaxSubtotal/cac:TaxCategory,,
3380,,,,,,,,,,,,1400,/Invoice/cac:AdditionalDocumentReference[not(cbc:DocumentTypeCode='130')]/cac:Attachment,0,1
3390,,,,,,,,,,,,1440,/Invoice/cac:AdditionalDocumentReference[not(cbc:DocumentTypeCode='130')]/cac:Attachment/cac:ExternalReference,0,1
3500,,,,,,,,,,,,3590,/Invoice/cac:InvoiceLine/cac:DocumentReference[not(cbc:DocumentTypeCode='130')],0,unbounded
3560,,,,,,,,,,,,3520,/Invoice/cac:InvoiceLine/cac:OrderLineReference,0,unbounded
3800,,,,,,,,,,,,2470,/Invoice/cac:Delivery/cac:DeliveryLocation/cac:Address/cac:AddressLine,0,unbounded
3890,,,,,,,,,,,,3960,/Invoice/cac:InvoiceLine/cac:Item/cac:ClassifiedTaxCategory/cac:TaxScheme,0,1
3940,,,,,,,,,,,,3790,/Invoice/cac:InvoiceLine/cac:Item/cac:SellersItemIdentification,0,1
3960,,,,,,,,,,,,3770,/Invoice/cac:InvoiceLine/cac:Item/cac:BuyersItemIdentification,0,1
3980,,,,,,,,,,,,3810,/Invoice/cac:InvoiceLine/cac:Item/cac:StandardItemIdentification,0,1
4010,,,,,,,,,,,,3860,/Invoice/cac:InvoiceLine/cac:Item/cac:CommodityClassification,0,unbounded
4050,,,,,,,,,,,,3840,/Invoice/cac:InvoiceLine/cac:Item/cac:OriginCountry,0,1