Sem Sort		ID	Level	Business term name 	Synt Sort	UBL syntax xPath
1000	root	ibt-001	1	Invoice number 	1020	/Invoice/cbc:ID
1010	root	ibt-002	1	Invoice issue date 	1030	/Invoice/cbc:IssueDate
1015	root	ibt-168	1	Invoice issue time	1035	/Invoice/cbc:IssueDate
1020	root	ibt-003	1	Invoice type code 	1050	/Invoice/cbc:InvoiceTypeCode
1030	root	ibt-005	1	Invoice currency code	1090	/Invoice/cbc:DocumentCurrencyCode
1040	root	ibt-006	1	Tax accounting currency.	1100	/Invoice/cbc:TaxCurrencyCode
1050	root	ibt-007	1	TAX point date	1080	/Invoice/cbc:TaxPointDate
1060	root	ibt-008	1	TAX point date code	1160	/Invoice/cac:InvoicePeriod/cbc:DescriptionCode
1070	root	ibt-009	1	Payment due date 	1040	/Invoice/cbc:DueDate
1080	root	ibt-010	1	Buyer reference 	1120	/Invoice/cbc:BuyerReference
1090	root	ibt-011	1	Project reference 	1440	/Invoice/cac:ProjectReference/cbc:ID
1100	root	ibt-012	1	Contract reference 	1310	/Invoice/cac:ContractDocumentReference/cbc:ID
1110	root	ibt-013	1	Purchase order reference	1180	/Invoice/cac:OrderReference/cbc:ID
1120	root	ibt-014	1	Sales order reference	1190	/Invoice/cac:OrderReference/cbc:SalesOrderID
1130	root	ibt-015	1	Receiving advice reference	1270	/Invoice/cac:ReceiptDocumentReference/cbc:ID
1140	root	ibt-016	1	Despatch advice reference	1250	/Invoice/cac:DespatchDocumentReference/cbc:ID
1150	root	ibt-017	1	Tender or lot reference	1290	/Invoice/cac:OriginatorDocumentReference/cbc:ID
1160	root	ibt-018	1	Invoiced object identifier	1340	/Invoice/cac:AdditionalDocumentReference/cbc:ID
1170	root	ibt-017-1	1	The identification scheme identifier of the Invoiced object identifier.	1350	/Invoice/cac:AdditionalDocumentReference/cbc:ID/@schemeID
1180	root	ibt-019	1	Buyer accounting reference	1110	/Invoice/cbc:AccountingCost
1189	root	ibg-33	1	INVOICE TERMS	2700	/Invoice/cac:PaymentTerms
1191	ibg-33	ibt-020	2	Payment terms	2710	/Invoice/cac:PaymentTerms/cbc:Note
1192	ibg-33	ibt-187	2	Terms payment instructions ID	2712	/Invoice/cac:PaymentTerms/cbc:PaymentMeansID
1193	ibg-33	ibt-176	2	Terms amount	2713	/Invoice/cac:PaymentTerms/cbc:Amount
1194	ibg-33	ibt-177	2	Terms installment due date	2714	/Invoice/cac:PaymentTerms/cbc:InstallmentDueDate
1200	root	ibg-01	1	INVOICE NOTE		
1210	ibg-01	ibt-021	2	Invoice note subject code	1060	/Invoice/cbc:Note
1220	ibg-01	ibt-022	2	Invoice note	1070	/Invoice/cbc:Note
1230	root	ibg-02	1	PROCESS CONTROL		
1240	ibg-02	ibt-023	2	Business process type	1010	/Invoice/cbc:ProfileID
1250	ibg-02	ibt-024	2	Specification identifier	1000	/Invoice/cbc:CustomizationID
1260	root	ibg-03	1	PRECEDING INVOICE REFERENCE	1200	/Invoice/cac:BillingReference
1270	ibg-03	ibt-025	2	Preceding Invoice reference	1220	/Invoice/cac:BillingReference/cac:InvoiceDocumentReference/cbc:ID
1280	ibg-03	ibt-026	2	Preceding Invoice issue date	1230	/Invoice/cac:BillingReference/cac:InvoiceDocumentReference/cbc:IssueDate
1290	root	ibg-04	1	SELLER	1450	/Invoice/cac:AccountingSupplierParty
1310	ibg-04	ibt-027	2	Seller name	1710	/Invoice/cac:AccountingSupplierParty/cac:Party/cac:PartyLegalEntity/cbc:RegistrationName
1320	ibg-04	ibt-028	2	Seller trading name	1540	/Invoice/cac:AccountingSupplierParty/cac:Party/cac:PartyName/cbc:Name
1330	ibg-04	ibt-029	2	Seller identifier 	1500	/Invoice/cac:AccountingSupplierParty/cac:Party/cac:PartyIdentification/cbc:ID
1340	ibt-029	ibt-029-1	3	Scheme identifier	1510	/Invoice/cac:AccountingSupplierParty/cac:Party/cac:PartyIdentification/cbc:ID/@schemeID
1350	ibg-04	ibt-030	2	Seller legal registration identifier	1720	/Invoice/cac:AccountingSupplierParty/cac:Party/cac:PartyLegalEntity/cbc:CompanyID
1360	ibt-030	ibt-030-1	3	Scheme identifier	1730	/Invoice/cac:AccountingSupplierParty/cac:Party/cac:PartyLegalEntity/cbc:CompanyID/@schemeID
1370	ibg-04	ibt-031	2	Seller TAX identifier	1660	/Invoice/cac:AccountingSupplierParty/cac:Party/cac:PartyTaxScheme/cbc:CompanyID
1380	ibg-04	ibt-032	2	Seller TAX registration identifier	1670	/Invoice/cac:AccountingSupplierParty/cac:Party/cac:PartyTaxScheme/cbc:CompanyID
1390	ibg-04	ibt-033	2	Seller additional legal information	1740	/Invoice/cac:AccountingSupplierParty/cac:Party/cac:PartyLegalEntity/cbc:CompanyLegalForm
1400	ibg-04	ibt-034	2	Seller electronic address	1470	/Invoice/cac:AccountingSupplierParty/cac:Party/cbc:EndpointID
1410	ibt-034	ibt-034-1	3	Scheme identifier	1480	/Invoice/cac:AccountingSupplierParty/cac:Party/cbc:EndpointID/@schemeID
1415	root	ibg-05	2	SELLER POSTAL ADDRESS	1550	/Invoice/cac:AccountingSupplierParty/cac:Party/cac:PostalAddress
1420	ibg-05	ibt-035	3	Seller address line 1 	1560	/Invoice/cac:AccountingSupplierParty/cac:Party/cac:PostalAddress/cbc:StreetName
1430	ibg-05	ibt-036	3	Seller address line 2	1570	/Invoice/cac:AccountingSupplierParty/cac:Party/cac:PostalAddress/cbc:AdditionalStreetName
1440	ibg-05	ibt-162	3	Seller address line 3	1610	/Invoice/cac:AccountingSupplierParty/cac:Party/cac:PostalAddress/cac:AddressLine/cbc:Line
1450	ibg-05	ibt-037	3	Seller city	1580	/Invoice/cac:AccountingSupplierParty/cac:Party/cac:PostalAddress/cbc:CityName
1460	ibg-05	ibt-038	3	Seller post code	1590	/Invoice/cac:AccountingSupplierParty/cac:Party/cac:PostalAddress/cbc:PostalZone
1470	ibg-05	ibt-039	3	Seller country subdivision 	1595	/Invoice/cac:AccountingSupplierParty/cac:Party/cac:PostalAddress/cbc:CountrySubentity
1480	ibg-05	ibt-040	3	Seller country code 	1640	/Invoice/cac:AccountingSupplierParty/cac:Party/cac:PostalAddress/cac:Country/cbc:IdentificationCode
1490	ibg-05	ibg-06	2	SELLER CONTACT 	1750	/Invoice/cac:AccountingSupplierParty/cac:Party/cac:Contact
1500	ibg-06	ibt-041	3	Seller contact point 	1760	/Invoice/cac:AccountingSupplierParty/cac:Party/cac:Contact/cbc:Name
1510	ibg-06	ibt-042	3	Seller contact telephone number	1770	/Invoice/cac:AccountingSupplierParty/cac:Party/cac:Contact/cbc:Telephone
1520	ibg-06	ibt-043	3	Seller contact email address	1780	/Invoice/cac:AccountingSupplierParty/cac:Party/cac:Contact/cbc:ElectronicMail
1530	root	ibg-07	1	BUYER 	1790	/Invoice/cac:AccountingCustomerParty
1540	ibg-07	ibt-044	2	Buyer name 	2030	/Invoice/cac:AccountingCustomerParty/cac:Party/cac:PartyLegalEntity/cbc:RegistrationName
1550	ibg-07	ibt-045	2	Buyer trading name	1870	/Invoice/cac:AccountingCustomerParty/cac:Party/cac:PartyName/cbc:Name
1560	ibg-07	ibt-046	2	Buyer identifier 	1840	/Invoice/cac:AccountingCustomerParty/cac:Party/cac:PartyIdentification/cbc:ID
1570	ibt-046	ibt-046-1	3	Scheme identifier	1850	/Invoice/cac:AccountingCustomerParty/cac:Party/cac:PartyIdentification/cbc:ID/@schemeID
1580	ibg-07	ibt-047	2	Buyer legal registration identifier	2040	/Invoice/cac:AccountingCustomerParty/cac:Party/cac:PartyLegalEntity/cbc:CompanyID
1590	ibt-047	ibt-047-1	3	Scheme identifier	2050	/Invoice/cac:AccountingCustomerParty/cac:Party/cac:PartyLegalEntity/cbc:CompanyID/@schemeID
1600	ibg-07	ibt-048	2	Buyer TAX identifier	1990	/Invoice/cac:AccountingCustomerParty/cac:Party/cac:PartyTaxScheme/cbc:CompanyID
1610	ibg-07	ibt-049	2	Buyer electronic address	1810	/Invoice/cac:AccountingCustomerParty/cac:Party/cbc:EndpointID
1620	ibt-049	ibt-049-1	3	Scheme identifier	1820	/Invoice/cac:AccountingCustomerParty/cac:Party/cbc:EndpointID/@schemeID
1630	ibg-07	ibg-08	2	BUYER POSTAL ADDRESS	1880	/Invoice/cac:AccountingCustomerParty/cac:Party/cac:PostalAddress
1640	ibg-08	ibt-050	3	Buyer address line 1 	1890	/Invoice/cac:AccountingCustomerParty/cac:Party/cac:PostalAddress/cbc:StreetName
1650	ibg-08	ibt-051	3	Buyer address line 2	1900	/Invoice/cac:AccountingCustomerParty/cac:Party/cac:PostalAddress/cbc:AdditionalStreetName
1660	ibg-08	ibt-163	3	Buyer address line 3	1950	/Invoice/cac:AccountingCustomerParty/cac:Party/cac:PostalAddress/cac:AddressLine/cbc:Line
1670	ibg-08	ibt-052	3	Buyer city	1910	/Invoice/cac:AccountingCustomerParty/cac:Party/cac:PostalAddress/cbc:CityName
1680	ibg-08	ibt-053	3	Buyer post code	1920	/Invoice/cac:AccountingCustomerParty/cac:Party/cac:PostalAddress/cbc:PostalZone
1690	ibg-08	ibt-054	3	Buyer country subdivision 	1930	/Invoice/cac:AccountingCustomerParty/cac:Party/cac:PostalAddress/cbc:CountrySubentity
1700	ibg-08	ibt-055	3	Buyer country code 	1970	/Invoice/cac:AccountingCustomerParty/cac:Party/cac:PostalAddress/cac:Country/cbc:IdentificationCode
1710	ibg-07	ibg-09	2	BUYER CONTACT	2060	/Invoice/cac:AccountingCustomerParty/cac:Party/cac:Contact
1720	ibg-09	ibt-056	3	Buyer contact point 	2070	/Invoice/cac:AccountingCustomerParty/cac:Party/cac:Contact/cbc:Name
1730	ibg-09	ibt-057	3	Buyer contact telephone number	2080	/Invoice/cac:AccountingCustomerParty/cac:Party/cac:Contact/cbc:Telephone
1740	ibg-09	ibt-058	3	Buyer contact email address	2090	/Invoice/cac:AccountingCustomerParty/cac:Party/cac:Contact/cbc:ElectronicMail
1750	root	ibg-10	1	PAYEE	2100	/Invoice/cac:PayeeParty
1760	ibg-10	ibt-059	2	Payee name 	2140	/Invoice/cac:PayeeParty/cac:PartyName/cbc:Name
1770	ibg-10	ibt-060	2	Payee identifier 	2120	/Invoice/cac:PayeeParty/cac:PartyIdentification/cbc:ID
1780	ibt-060	ibt-060-1	3	Scheme identifier	2125	/Invoice/cac:PayeeParty/cac:PartyIdentification/cbc:ID/@schemeID
1790	ibg-10	ibt-061	2	Payee legal registration identifier	2170	/Invoice/cac:PayeeParty/cac:PartyLegalEntity/cbc:CompanyID
1800	ibt-061	ibt-061-1	3	Scheme identifier	2180	/Invoice/cac:PayeeParty/cac:PartyLegalEntity/cbc:CompanyID/@schemeID
1810	root	ibg-11	1	SELLER TAX REPRESENTATIVE PARTY	2190	/Invoice/cac:TaxRepresentativeParty
1820	ibg-11	ibt-062	2	Seller tax representative name	2210	/Invoice/cac:TaxRepresentativeParty/cac:PartyName/cbc:Name
1830	ibg-11	ibt-063	2	Seller tax representative TAX identifier	2354	/Invoice/cac:TaxRepresentativeParty/cac:PartyTaxScheme/cbc:CompanyID
1840	ibg-11	ibg-12	2	SELLER TAX REPRESENTATIVE POSTAL ADDRESS	2260	/Invoice/cac:TaxRepresentativeParty/cac:PostalAddress
1850	ibg-12	ibt-064	3	Tax representative address line 1 	2270	/Invoice/cac:TaxRepresentativeParty/cac:PostalAddress/cbc:StreetName
1860	ibg-12	ibt-065	3	Tax representative address line 2	2280	/Invoice/cac:TaxRepresentativeParty/cac:PostalAddress/cbc:AdditionalStreetName
1870	ibg-12	ibt-164	3	Tax representative address line 3	2330	/Invoice/cac:TaxRepresentativeParty/cac:PostalAddress/cac:AddressLine/cbc:Line
1880	ibg-12	ibt-066	3	Tax representative city	2290	/Invoice/cac:TaxRepresentativeParty/cac:PostalAddress/cbc:CityName
1890	ibg-12	ibt-067	3	Tax representative post code	2300	/Invoice/cac:TaxRepresentativeParty/cac:PostalAddress/cbc:PostalZone
1900	ibg-12	ibt-068	3	Tax representative country subdivision 	2310	/Invoice/cac:TaxRepresentativeParty/cac:PostalAddress/cbc:CountrySubentity
1910	ibg-12	ibt-069	3	Tax representative country code 	2350	/Invoice/cac:TaxRepresentativeParty/cac:PostalAddress/cac:Country/cbc:IdentificationCode
1920	root	ibg-13	1	DELIVERY INFORMATION	2360	/Invoice/cac:Delivery
1930	ibg-13	ibt-070	2	Deliver to party name	2530	/Invoice/cac:Delivery/cac:DeliveryParty/cac:PartyName/cbc:Name
1940	ibg-13	ibt-071	2	Deliver to location identifier	2390	/Invoice/cac:Delivery/cac:DeliveryLocation/cbc:ID
1950	ibt-071	ibt-071-1	3	Scheme identifier	2400	/Invoice/cac:Delivery/cac:DeliveryLocation/cbc:ID/@schemeID
1960	ibg-13	ibt-072	2	Actual delivery date	2370	/Invoice/cac:Delivery/cbc:ActualDeliveryDate
1970	ibg-13	ibg-14	2	INVOICING PERIOD 	1130	/Invoice/cac:InvoicePeriod
1980	ibg-14	ibt-073	3	Invoicing period start date	1140	/Invoice/cac:InvoicePeriod/cbc:StartDate
1990	ibg-14	ibt-074	3	Invoicing period end date	1150	/Invoice/cac:InvoicePeriod/cbc:EndDate
2000	ibg-13	ibg-15	2	DELIVER TO ADDRESS	2410	/Invoice/cac:Delivery/cac:DeliveryLocation/cac:Address
2010	ibg-15	ibt-075	3	Deliver to address line 1 	2420	/Invoice/cac:Delivery/cac:DeliveryLocation/cac:Address/cbc:StreetName
2020	ibg-15	ibt-076	3	Deliver to address line 2	2430	/Invoice/cac:Delivery/cac:DeliveryLocation/cac:Address/cbc:AdditionalStreetName
2030	ibg-15	ibt-165	3	Deliver to address line 3	2480	/Invoice/cac:Delivery/cac:DeliveryLocation/cac:Address/cac:AddressLine/cbc:Line
2040	ibg-15	ibt-077	3	Deliver to city	2440	/Invoice/cac:Delivery/cac:DeliveryLocation/cac:Address/cbc:CityName
2050	ibg-15	ibt-078	3	Deliver to post code	2450	/Invoice/cac:Delivery/cac:DeliveryLocation/cac:Address/cbc:PostalZone
2060	ibg-15	ibt-079	3	Deliver to country subdivision 	2460	/Invoice/cac:Delivery/cac:DeliveryLocation/cac:Address/cbc:CountrySubentity
2070	ibg-15	ibt-080	3	Deliver to country code 	2500	/Invoice/cac:Delivery/cac:DeliveryLocation/cac:Address/cac:Country/cbc:IdentificationCode
2080	root	ibg-16	1	PAYMENT INSTRUCTIONS	2540	/Invoice/cac:PaymentMeans
2089	ibg-16	ibt-178	2	Payment Instructions ID	2545	/Invoice/cac:PaymentMeans/cbc:ID
2090	ibg-16	ibt-081	2	Payment means type code	2550	/Invoice/cac:PaymentMeans/cbc:PaymentMeansCode
2100	ibg-16	ibt-082	2	Payment means text	2560	/Invoice/cac:PaymentMeans/cbc:PaymentMeansCode/@Name
2110	ibg-16	ibt-083	2	Remittance information	2570	/Invoice/cac:PaymentMeans/cbc:PaymentID
2111	ibt-083	ibt-083-1	3	Scheme identifier	2571	/Invoice/cac:PaymentMeans/cbc:PaymentID/@SchemeID
2120	ibg-16	ibg-17	2	CREDIT TRANSFER 	2580	/Invoice/cac:PaymentMeans/cac:PayeeFinancialAccount
2130	ibg-17	ibt-084	3	Payment account identifier	2590	/Invoice/cac:PaymentMeans/cac:PayeeFinancialAccount/cbc:ID
2131	ibg-17	ibt-084-1	3	Scheme identifier	2591	/Invoice/cac:PaymentMeans/cac:PayeeFinancialAccount/cbc:ID/@SchemeID
2140	ibg-17	ibt-085	3	Payment account name	2600	/Invoice/cac:PaymentMeans/cac:PayeeFinancialAccount/cbc:Name
2145					2610	/Invoice/cac:PaymentMeans/cac:PayeeFinancialAccount/cac:FinancialInstitutionBranch
2149	ibg-17	ibt-086	3	Payment service provider identifier	2619	/Invoice/cac:PaymentMeans/cac:PayeeFinancialAccount/cac:FinancialInstitutionBranch/cbc:ID
2150		ibg-34		ADDRESS	2620	/Invoice/cac:PaymentMeans/cac:PayeeFinancialAccount/cac:FinancialInstitutionBranch/cac:Address
2151	ibg-17	ibt-169	3	Account address line 1 	2621	/Invoice/cac:PaymentMeans/cac:PayeeFinancialAccount/cac:FinancialInstitutionBranch/cac:Address/cbc:StreetName
2152	ibg-17	ibt-170	3	Account address line 2	2622	/Invoice/cac:PaymentMeans/cac:PayeeFinancialAccount/cac:FinancialInstitutionBranch/cac:Address/cbc:AdditionalStreetName
2153	ibg-17	ibt-171	3	Account city	2623	/Invoice/cac:PaymentMeans/cac:PayeeFinancialAccount/cac:FinancialInstitutionBranch/cac:Address/cbc:CityName
2154	ibg-17	ibt-172	3	Account post code	2624	/Invoice/cac:PaymentMeans/cac:PayeeFinancialAccount/cac:FinancialInstitutionBranch/cac:Address/cbc:PostalZone
2155	ibg-17	ibt-173	3	Account country subdivision 	2625	/Invoice/cac:PaymentMeans/cac:PayeeFinancialAccount/cac:FinancialInstitutionBranch/cac:Address/cbc:CountrySubentity
2156					2626	/Invoice/cac:PaymentMeans/cac:PayeeFinancialAccount/cac:FinancialInstitutionBranch/cac:Address/cac:AddressLine
2157	ibg-17	ibt-174	3	Account address line 3	2627	/Invoice/cac:PaymentMeans/cac:PayeeFinancialAccount/cac:FinancialInstitutionBranch/cac:Address/cac:AddressLine/cbc:Line
2158					2628	/Invoice/cac:PaymentMeans/cac:PayeeFinancialAccount/cac:FinancialInstitutionBranch/cac:Address/cac:Country
2159	ibg-17	ibt-175	3	Account country code 	2629	/Invoice/cac:PaymentMeans/cac:PayeeFinancialAccount/cac:FinancialInstitutionBranch/cac:Address/cac:Country/cbc:IdentificationCode
2160	ibg-16	ibg-18	2	PAYMENT CARD INFORMATION	2630	/Invoice/cac:PaymentMeans/cac:CardAccount
2170	ibg-18	ibt-087	3	Payment card primary account number	2640	/Invoice/cac:PaymentMeans/cac:CardAccount/cbc:PrimaryAccountNumberID
2180	ibg-18	ibt-088	3	Payment card holder name	2660	/Invoice/cac:PaymentMeans/cac:CardAccount/cbc:HolderName
2190	ibg-16	ibg-19	2	DIRECT DEBIT 	2670	/Invoice/cac:PaymentMeans/cac:PaymentMandate
2200	ibg-19	ibt-089	3	Mandate reference identifier	2680	/Invoice/cac:PaymentMeans/cac:PaymentMandate/cbc:ID
2210	ibg-19	ibt-090	3	Bank assigned creditor identifier	1520	/Invoice/cac:AccountingSupplierParty/cac:Party/cac:PartyIdentification/cbc:ID
2220	ibg-19	ibt-091	3	Debited account identifier	2690	/Invoice/cac:PaymentMeans/cac:PaymentMandate/cac:PayerFinancialAccount/cbc:ID
2221	root	ibg-35	1	Paid amounts	2720	/Invoice/cac:PrepaidPayment
2222	ibg-35	ibt-179	2	Payment identifier	2721	/Invoice/cac:PrepaidPayment/cbc:ID
2223	ibg-35	ibt-180	2	Paid amount	2722	/Invoice/cac:PrepaidPayment/cbc:PaidAmount
2224	ibg-35	ibt-181	2	The date when the paid amount is debited to the invoice.	2723	/Invoice/cac:PrepaidPayment/cbc:ReceivedDate
2225	ibg-35	ibt-182	2	Payment type	2724	/Invoice/cac:PrepaidPayment/cbc:InstructionID
2230	root	ibg-20	1	DOCUMENT LEVEL ALLOWANCES	2730	/Invoice/cac:AllowanceCharge
2240	ibg-20	ibt-092	2	Document level allowance amount	2780	/Invoice/cac:AllowanceCharge/cbc:Amount
2250	ibg-20	ibt-093	2	Document level allowance base amount	2790	/Invoice/cac:AllowanceCharge/cbc:BaseAmount
2260	ibg-20	ibt-094	2	Document level allowance percentage	2770	/Invoice/cac:AllowanceCharge/cbc:MultiplierFactorNumeric
2270	ibg-20	ibt-095	2	Document level allowance TAX category code	2810	/Invoice/cac:AllowanceCharge/cac:TaxCategory/cbc:ID
2280	ibg-20	ibt-096	2	Document level allowance TAX rate	2820	/Invoice/cac:AllowanceCharge/cac:TaxCategory/cbc:Percent
2290	ibg-20	ibt-097	2	Document level allowance reason	2760	/Invoice/cac:AllowanceCharge/cbc:AllowanceChargeReason
2300	ibg-20	ibt-098	2	Document level allowance reason code	2750	/Invoice/cac:AllowanceCharge/cbc:AllowanceChargeReasonCode
2310	root	ibg-21	1	DOCUMENT LEVEL CHARGES	2850	/Invoice/cac:AllowanceCharge
2320	ibg-21	ibt-099	2	Document level charge amount	2890	/Invoice/cac:AllowanceCharge/cbc:Amount
2330	ibg-21	ibt-100	2	Document level charge base amount	2900	/Invoice/cac:AllowanceCharge/cbc:BaseAmount
2340	ibg-21	ibt-101	2	Document level charge percentage	2880	/Invoice/cac:AllowanceCharge/cbc:MultiplierFactorNumeric
2350	ibg-21	ibt-102	2	Document level charge TAX category code	2920	/Invoice/cac:AllowanceCharge/cac:TaxCategory/cbc:ID
2360	ibg-21	ibt-103	2	Document level charge TAX rate	2930	/Invoice/cac:AllowanceCharge/cac:TaxCategory/cbc:Percent
2370	ibg-21	ibt-104	2	Document level charge reason	2870	/Invoice/cac:AllowanceCharge/cbc:AllowanceChargeReason
2380	ibg-21	ibt-105	2	Document level charge reason code	2865	/Invoice/cac:AllowanceCharge/cbc:AllowanceChargeReasonCode
2390	root	ibg-22	1	DOCUMENT TOTALS	3090	/Invoice/cac:LegalMonetaryTotal
2400	ibg-22	ibt-106	2	Sum of Invoice line net amount	3100	/Invoice/cac:LegalMonetaryTotal/cbc:LineExtensionAmount
2410	ibg-22	ibt-107	2	Sum of allowances on document level	3130	/Invoice/cac:LegalMonetaryTotal/cbc:AllowanceTotalAmount
2420	ibg-22	ibt-108	2	Sum of charges on document level	3140	/Invoice/cac:LegalMonetaryTotal/cbc:ChargeTotalAmount
2430	ibg-22	ibt-109	2	Invoice total amount without TAX	3110	/Invoice/cac:LegalMonetaryTotal/cbc:TaxExclusiveAmount
2440	ibg-22	ibt-110	2	Invoice total TAX amount	2990	/Invoice/cac:TaxTotal/cbc:TaxAmount
2450	ibg-22	ibt-111	2	Invoice total TAX amount in accounting currency	3000	/Invoice/cac:TaxTotal/cbc:TaxAmount
2460	ibg-22	ibt-112	2	Invoice total amount with TAX	3120	/Invoice/cac:LegalMonetaryTotal/cbc:TaxInclusiveAmount
2470	ibg-22	ibt-113	2	Paid amount 	3150	/Invoice/cac:LegalMonetaryTotal/cbc:PrepaidAmount
2480	ibg-22	ibt-114	2	Rounding amount	3160	/Invoice/cac:LegalMonetaryTotal/cbc:PayableRoundingAmount
2490	ibg-22	ibt-115	2	Amount due for payment	3170	/Invoice/cac:LegalMonetaryTotal/cbc:PayableAmount
2500	root	ibg-23	1	TAX BREAKDOWN	3010	/Invoice/cac:TaxTotal/cac:TaxSubtotal
2510	ibg-23	ibt-116	2	TAX category taxable amount	3020	/Invoice/cac:TaxTotal/cac:TaxSubtotal/cbc:TaxableAmount
2520	ibg-23	ibt-117	2	TAX category tax amount	3030	/Invoice/cac:TaxTotal/cac:TaxSubtotal/cbc:TaxAmount
2530	ibg-23	ibt-118	2	TAX category code 	3050	/Invoice/cac:TaxTotal/cac:TaxSubtotal/cac:TaxCategory/cbc:ID
2540	ibg-23	ibt-119	2	TAX category rate	3060	/Invoice/cac:TaxTotal/cac:TaxSubtotal/cac:TaxCategory/cbc:Percent
2550	ibg-23	ibt-120	2	TAX exemption reason text	3080	/Invoice/cac:TaxTotal/cac:TaxSubtotal/cac:TaxCategory/cbc:TaxExemptionReason
2560	ibg-23	ibt-121	2	TAX exemption reason code	3070	/Invoice/cac:TaxTotal/cac:TaxSubtotal/cac:TaxCategory/cbc:TaxExemptionReasonCode
2570	root	ibg-24	1	ADDITIONAL SUPPORTING DOCUMENTS	1320	/Invoice/cac:AdditionalDocumentReference
2580	ibg-24	ibt-122	2	Supporting document reference	1330	/Invoice/cac:AdditionalDocumentReference/cbc:ID
2590	ibg-24	ibt-123	2	Supporting document description	1360	/Invoice/cac:AdditionalDocumentReference/cbc:DocumentDescription
2600	ibt-123	ibt-124	3	External document location	1420	/Invoice/cac:AdditionalDocumentReference/cac:Attachment/cac:ExternalReference/cbc:URI
2610	ibg-24	ibt-125	2	Attached document	1380	/Invoice/cac:AdditionalDocumentReference/cac:Attachment/cbc:EmbeddedDocumentBinaryObject
2620	ibt-125	ibt-125-1	3	Attached document Mime code	1390	/Invoice/cac:AdditionalDocumentReference/cac:Attachment/cbc:EmbeddedDocumentBinaryObject/@mimeCode
2630	ibt-125	ibt-125-2	3	Attached document Filename	1400	/Invoice/cac:AdditionalDocumentReference/cac:Attachment/cbc:EmbeddedDocumentBinaryObject/@filename
2640	root	ibg-25	1	INVOICE LINE	3180	/Invoice/cac:InvoiceLine
2650	ibg-25	ibt-126	2	Invoice line identifier	3190	/Invoice/cac:InvoiceLine/cbc:ID
2660	ibg-25	ibt-127	2	Invoice line note	3200	/Invoice/cac:InvoiceLine/cbc:Note
2670	ibg-25	ibt-128	2	Invoice line object identifier	3280	/Invoice/cac:InvoiceLine/cac:DocumentReference/cbc:ID
2680	ibt-128	ibt-128-1	3	Scheme identifier	3290	/Invoice/cac:InvoiceLine/cac:DocumentReference/cbc:ID/@schemeID
2690	ibg-25	ibt-129	2	Invoiced quantity	3210	/Invoice/cac:InvoiceLine/cbc:InvoicedQuantity
2700	ibg-25	ibt-130	2	Invoiced quantity unit of measure code	3220	/Invoice/cac:InvoiceLine/cbc:InvoicedQuantity/@unitCode
2710	ibg-25	ibt-131	2	Invoice line net amount 	3230	/Invoice/cac:InvoiceLine/cbc:LineExtensionAmount
2720	ibg-25	ibt-132	2	Referenced purchase order line reference	3260	/Invoice/cac:InvoiceLine/cac:OrderLineReference/cbc:LineID
2721	ibg-25	ibt-183	2	Order reference	3261	/Invoice/cac:InvoiceLine/cac:OrderLineReference/cac:OrderReference/cbc:ID
2722	ibg-25	ibt-184	2	Despatch advice reference	3265	/Invoice/cac:InvoiceLine/cac:DespatchLineReference/cac:DocumentReference/cbc:ID
2730	ibg-25	ibt-133	2	Invoice line Buyer accounting reference	3240	/Invoice/cac:InvoiceLine/cbc:AccountingCost
2740	ibg-25	ibg-26	2	INVOICE LINE PERIOD	3242	/Invoice/cac:InvoiceLine/cac:InvoicePeriod
2750	ibg-26	ibt-134	3	Invoice line period start date	3244	/Invoice/cac:InvoiceLine/cac:InvoicePeriod/cbc:StartDate
2760	ibg-26	ibt-135	3	Invoice line period end date	3246	/Invoice/cac:InvoiceLine/cac:InvoicePeriod/cbc:EndDate
2770	ibg-25	ibg-27	2	INVOICE LINE ALLOWANCES	3330	/Invoice/cac:InvoiceLine/cac:AllowanceCharge
2780	ibg-27	ibt-136	3	Invoice line allowance amount	3390	/Invoice/cac:InvoiceLine/cac:AllowanceCharge/cbc:Amount
2790	ibg-27	ibt-137	3	Invoice line allowance base amount	3400	/Invoice/cac:InvoiceLine/cac:AllowanceCharge/cbc:BaseAmount
2800	ibg-27	ibt-138	3	Invoice line allowance percentage	3370	/Invoice/cac:InvoiceLine/cac:AllowanceCharge/cbc:MultiplierFactorNumeric
2810	ibg-27	ibt-139	3	Invoice line allowance reason	3360	/Invoice/cac:InvoiceLine/cac:AllowanceCharge/cbc:AllowanceChargeReason
2820	ibg-27	ibt-140	3	Invoice line allowance reason code	3350	/Invoice/cac:InvoiceLine/cac:AllowanceCharge/cbc:AllowanceChargeReasonCode
2830	ibg-25	ibg-28	2	INVOICE LINE CHARGES	3410	/Invoice/cac:InvoiceLine/cac:AllowanceCharge
2840	ibg-28	ibt-141	3	Invoice line charge amount	3450	/Invoice/cac:InvoiceLine/cac:AllowanceCharge/cbc:Amount
2850	ibg-28	ibt-142	3	Invoice line charge base amount	3460	/Invoice/cac:InvoiceLine/cac:AllowanceCharge/cbc:BaseAmount
2860	ibg-28	ibt-143	3	Invoice line charge percentage	3440	/Invoice/cac:InvoiceLine/cac:AllowanceCharge/cbc:MultiplierFactorNumeric
2870	ibg-28	ibt-144	3	Invoice line charge reason	3430	/Invoice/cac:InvoiceLine/cac:AllowanceCharge/cbc:AllowanceChargeReason
2880	ibg-28	ibt-145	3	Invoice line charge reason code	3420	/Invoice/cac:InvoiceLine/cac:AllowanceCharge/cbc:AllowanceChargeReasonCode
2890	ibg-25	ibg-29	2	PRICE DETAILS	3690	/Invoice/cac:InvoiceLine/cac:Price
2900	ibg-29	ibt-146	3	Item net price	3710	/Invoice/cac:InvoiceLine/cac:Price/cbc:PriceAmount
2910	ibg-29	ibt-147	3	Item price discount	3750	/Invoice/cac:InvoiceLine/cac:Price/cac:AllowanceCharge/cbc:Amount
2920	ibg-29	ibt-148	3	Item gross price	3760	/Invoice/cac:InvoiceLine/cac:Price/cac:AllowanceCharge/cbc:BaseAmount
2930	ibg-29	ibt-149	3	Item price base quantity	3720	/Invoice/cac:InvoiceLine/cac:Price/cbc:BaseQuantity
2940	ibg-29	ibt-150	3	Item price base quantity unit of measure code	3730	/Invoice/cac:InvoiceLine/cac:Price/cbc:BaseQuantity/@unitCode
2950	ibg-25	ibg-30	2	LINE TAX INFORMATION	3540	/Invoice/cac:InvoiceLine/cac:Item/cac:ClassifiedTaxCategory
2960	ibg-30	ibt-151	3	Invoiced item TAX category code	3550	/Invoice/cac:InvoiceLine/cac:Item/cac:ClassifiedTaxCategory/cbc:ID
2970	ibg-30	ibt-152	3	Invoiced item TAX rate	3560	/Invoice/cac:InvoiceLine/cac:Item/cac:ClassifiedTaxCategory/cbc:Percent
2971	ibg-30	ibt-185	3	TAX exemption reason text	3564	/Invoice/cac:InvoiceLine/cac:Item/cac:ClassifiedTaxCategory/cbc:TaxExemptionReasonCode
2972	ibg-30	ibt-186	3	TAX exemption reason code	3566	/Invoice/cac:InvoiceLine/cac:Item/cac:ClassifiedTaxCategory/cbc:TaxExemptionReason
2974	ibg-30	ibt-166	3	Unit TAX	3562	/Invoice/cac:InvoiceLine/cac:Item/cac:ClassifiedTaxCategory/cbc:PerUnitAmount
2976	ibg-30	ibt-167	3	Tax Scheme	3567	/Invoice/cac:InvoiceLine/cac:Item/cac:ClassifiedTaxCategory/cac:TaxScheme/cbc:ID
2980	ibg-25	ibg-31	2	ITEM INFORMATION	3470	/Invoice/cac:InvoiceLine/cac:Item
2990	ibg-31	ibt-153	3	Item name 	3490	/Invoice/cac:InvoiceLine/cac:Item/cbc:Name
3000	ibg-31	ibt-154	3	Item description 	3480	/Invoice/cac:InvoiceLine/cac:Item/cbc:Description
3010	ibg-31	ibt-155	3	Item Seller's identifier	3530	/Invoice/cac:InvoiceLine/cac:Item/cac:SellersItemIdentification/cbc:ID
3020	ibg-31	ibt-156	3	Item Buyer's identifier	3510	/Invoice/cac:InvoiceLine/cac:Item/cac:BuyersItemIdentification/cbc:ID
3030	ibg-31	ibt-157	3	Item standard identifier	3580	/Invoice/cac:InvoiceLine/cac:Item/cac:StandardItemIdentification/cbc:ID
3040	ibt-157	ibt-157-1	4	Scheme identifier	3590	/Invoice/cac:InvoiceLine/cac:Item/cac:StandardItemIdentification/cbc:ID/@schemeID
3050	ibg-31	ibt-158	3	Item classification identifier	3610	/Invoice/cac:InvoiceLine/cac:Item/cac:CommodityClassification/cbc:ItemClassificationCode
3060	ibt-158	ibt-158-1	4	Scheme identifier	3620	/Invoice/cac:InvoiceLine/cac:Item/cac:CommodityClassification/cbc:ItemClassificationCode/@listID
3070	ibt-158	ibt-158-2	4	Scheme version identifier	3630	/Invoice/cac:InvoiceLine/cac:Item/cac:CommodityClassification/cbc:ItemClassificationCode/@listVersionID
3080	ibg-31	ibt-159	3	Item country of origin	3596	/Invoice/cac:InvoiceLine/cac:Item/cac:OriginCountry/cbc:IdentificationCode
3090	ibg-31	ibg-32	3	ITEM ATTRIBUTES	3660	/Invoice/cac:InvoiceLine/cac:Item/cac:AdditionalItemProperty
3100	ibg-32	ibt-160	4	Item attribute name	3670	/Invoice/cac:InvoiceLine/cac:Item/cac:AdditionalItemProperty/cbc:Name
3110	ibg-32	ibt-161	4	Item attribute value 	3680	/Invoice/cac:InvoiceLine/cac:Item/cac:AdditionalItemProperty/cbc:Value
					1170	/Invoice/cac:OrderReference
					1210	/Invoice/cac:BillingReference/cac:InvoiceDocumentReference
					1240	/Invoice/cac:DespatchDocumentReference
					1260	/Invoice/cac:ReceiptDocumentReference
					1280	/Invoice/cac:OriginatorDocumentReference
					1300	/Invoice/cac:ContractDocumentReference
					1355	/Invoice/cac:AdditionalDocumentReference/cbc:DocumentTypeCode
					1370	/Invoice/cac:AdditionalDocumentReference/cac:Attachment
					1410	/Invoice/cac:AdditionalDocumentReference/cac:Attachment/cac:ExternalReference
					1430	/Invoice/cac:ProjectReference
					1460	/Invoice/cac:AccountingSupplierParty/cac:Party
					1490	/Invoice/cac:AccountingSupplierParty/cac:Party/cac:PartyIdentification
					1530	/Invoice/cac:AccountingSupplierParty/cac:Party/cac:PartyName
					1600	/Invoice/cac:AccountingSupplierParty/cac:Party/cac:PostalAddress/cac:AddressLine
					1630	/Invoice/cac:AccountingSupplierParty/cac:Party/cac:PostalAddress/cac:Country
					1650	/Invoice/cac:AccountingSupplierParty/cac:Party/cac:PartyTaxScheme
					1680	/Invoice/cac:AccountingSupplierParty/cac:Party/cac:PartyTaxScheme/cac:TaxScheme
					1690	/Invoice/cac:AccountingSupplierParty/cac:Party/cac:PartyTaxScheme/cac:TaxScheme/cbc:ID
					1700	/Invoice/cac:AccountingSupplierParty/cac:Party/cac:PartyLegalEntity
					1800	/Invoice/cac:AccountingCustomerParty/cac:Party
					1830	/Invoice/cac:AccountingCustomerParty/cac:Party/cac:PartyIdentification
					1860	/Invoice/cac:AccountingCustomerParty/cac:Party/cac:PartyName
					1940	/Invoice/cac:AccountingCustomerParty/cac:Party/cac:PostalAddress/cac:AddressLine
					1960	/Invoice/cac:AccountingCustomerParty/cac:Party/cac:PostalAddress/cac:Country
					1980	/Invoice/cac:AccountingCustomerParty/cac:Party/cac:PartyTaxScheme
					2000	/Invoice/cac:AccountingCustomerParty/cac:Party/cac:PartyTaxScheme/cac:TaxScheme
					2010	/Invoice/cac:AccountingCustomerParty/cac:Party/cac:PartyTaxScheme/cac:TaxScheme/cbc:ID
					2020	/Invoice/cac:AccountingCustomerParty/cac:Party/cac:PartyLegalEntity
					2110	/Invoice/cac:PayeeParty/cac:PartyIdentification
					2130	/Invoice/cac:PayeeParty/cac:PartyName
					2160	/Invoice/cac:PayeeParty/cac:PartyLegalEntity
					2200	/Invoice/cac:TaxRepresentativeParty/cac:PartyName
					2320	/Invoice/cac:TaxRepresentativeParty/cac:PostalAddress/cac:AddressLine
					2340	/Invoice/cac:TaxRepresentativeParty/cac:PostalAddress/cac:Country
					2352	/Invoice/cac:TaxRepresentativeParty/cac:PartyTaxScheme
					2356	/Invoice/cac:TaxRepresentativeParty/cac:PartyTaxScheme/cac:TaxScheme
					2358	/Invoice/cac:TaxRepresentativeParty/cac:PartyTaxScheme/cac:TaxScheme/cbc:ID
					2380	/Invoice/cac:Delivery/cac:DeliveryLocation
					2470	/Invoice/cac:Delivery/cac:DeliveryLocation/cac:Address/cac:AddressLine
					2490	/Invoice/cac:Delivery/cac:DeliveryLocation/cac:Address/cac:Country
					2510	/Invoice/cac:Delivery/cac:DeliveryParty
					2520	/Invoice/cac:Delivery/cac:DeliveryParty/cac:PartyName
					2650	/Invoice/cac:PaymentMeans/cac:CardAccount/cbc:NetworkID
					2685	/Invoice/cac:PaymentMeans/cac:PaymentMandate/cac:PayerFinancialAccount
					2740	/Invoice/cac:AllowanceCharge/cbc:ChargeIndicator
					2800	/Invoice/cac:AllowanceCharge/cac:TaxCategory
					2830	/Invoice/cac:AllowanceCharge/cac:TaxCategory/cac:TaxScheme
					2840	/Invoice/cac:AllowanceCharge/cac:TaxCategory/cac:TaxScheme/cbc:ID
					2860	/Invoice/cac:AllowanceCharge/cbc:ChargeIndicator
					2910	/Invoice/cac:AllowanceCharge/cac:TaxCategory
					2940	/Invoice/cac:AllowanceCharge/cac:TaxCategory/cac:TaxScheme
					2960	/Invoice/cac:AllowanceCharge/cac:TaxCategory/cac:TaxScheme/cbc:ID
					2980	/Invoice/cac:TaxTotal
					3040	/Invoice/cac:TaxTotal/cac:TaxSubtotal/cac:TaxCategory
					3052	/Invoice/cac:TaxTotal/cac:TaxSubtotal/cac:TaxCategory/cac:TaxScheme
					3054	/Invoice/cac:TaxTotal/cac:TaxSubtotal/cac:TaxCategory/cac:TaxScheme/cbc:ID
					3250	/Invoice/cac:InvoiceLine/cac:OrderLineReference
					3270	/Invoice/cac:InvoiceLine/cac:DocumentReference
					3292	/Invoice/cac:InvoiceLine/cac:DocumentReference/cbc:DocumentTypeCode
					3340	/Invoice/cac:InvoiceLine/cac:AllowanceCharge/cbc:ChargeIndicator
					3415	/Invoice/cac:InvoiceLine/cac:AllowanceCharge/cbc:ChargeIndicator
					3500	/Invoice/cac:InvoiceLine/cac:Item/cac:BuyersItemIdentification
					3520	/Invoice/cac:InvoiceLine/cac:Item/cac:SellersItemIdentification
					3551	/Invoice/cac:InvoiceLine/cac:Item/cac:ClassifiedTaxCategory/cac:TaxScheme
					3570	/Invoice/cac:InvoiceLine/cac:Item/cac:StandardItemIdentification
					3594	/Invoice/cac:InvoiceLine/cac:Item/cac:OriginCountry
					3600	/Invoice/cac:InvoiceLine/cac:Item/cac:CommodityClassification
					3740	/Invoice/cac:InvoiceLine/cac:Price/cac:AllowanceCharge
					3745	/Invoice/cac:InvoiceLine/cac:Price/cac:AllowanceCharge/cbc:ChargeIndicator