ITCA_Path	level	ITCA_Card	EN_ID	EN_Level	EN_Card	EN_BT	EN_Desc	EN_DT			name	CCL_ID	共通EDI必須	インボイス必須	自動突合対応
/rsm:CrossIndustryInvoice	1								1	1	月締め請求メッセージ				
/rsm:CrossIndustryInvoice/rsm:ExchangedDocumentContext	2	1..1	BG-2	1	1..1	PROCESS CONTROL	A group of business terms providing information on the business process and rules applicable to the		2	2	取引設定クラス	UN01005479			
/rsm:CrossIndustryInvoice/rsm:ExchangedDocumentContext/ram:BusinessProcessSpecifiedDocumentContextParameter	3	0..1							3	5	取引プロセス設定クラス	UN01005481			
/rsm:CrossIndustryInvoice/rsm:ExchangedDocumentContext/ram:BusinessProcessSpecifiedDocumentContextParameter/ram:ID	4	0..1							4	7	取引プロセス識別子	UN01005472			
/rsm:CrossIndustryInvoice/rsm:ExchangedDocumentContext/ram:GuidelineSpecifiedDocumentContextParameter	3	0..n							5	×					
/rsm:CrossIndustryInvoice/rsm:ExchangedDocumentContext/ram:GuidelineSpecifiedDocumentContextParameter/ram:ID	4	0..1	BT-24	2	1..1	Specificati on identifier	An identification of the specification containing the total set of rules regarding semantic content, cardinalities and business rules to which the data contained in the instance document conforms.	I	6	×					
/rsm:CrossIndustryInvoice/rsm:ExchangedDocument	2	1..1							7	29	請求書文書クラス	UN01005861			
/rsm:CrossIndustryInvoice/rsm:ExchangedDocument/ram:ID	3	1..1	BT-1	1	1..1	Invoice number	A unique identification of the Invoice.	I	8	30	請求書番号	UN01005862	〇		□
/rsm:CrossIndustryInvoice/rsm:ExchangedDocument/ram:TypeCode	3	0..1	BT-3	1	1..1	Invoice type code	A code specifying the functional type of the Invoice.	C	9	32	請求書タイプコード	UN01005864	〇		□
/rsm:CrossIndustryInvoice/rsm:ExchangedDocument/ram:IssueDateTime	3	1..1							10	33	請求書発効日	UN01005865	〇		
/rsm:CrossIndustryInvoice/rsm:ExchangedDocument/ram:IssueDateTime/udt:DateTimeString	4		BT-2	1	1..1	Invoice issue date	The date when the Invoice was issued.	D	11	？					
/rsm:CrossIndustryInvoice/rsm:ExchangedDocument/ram:IssueDateTime/udt:DateTimeString/@format	5		BT-2	1	1..1	Invoice issue date	The date when the Invoice was issued.	D	12	？					
/rsm:CrossIndustryInvoice/rsm:ExchangedDocument/ram:PurposeCode	3								13	34	請求書目的コード	UN01005869	●		
/rsm:CrossIndustryInvoice/rsm:ExchangedDocument/ram:CategoryCode	3								14	35	請求書類型コード	UN01005875			□
/rsm:CrossIndustryInvoice/rsm:ExchangedDocument/ram:IncludedNote	3	0..n	BG-1	1	0..n	INVOICE NOTE	A group of business terms providing textual notes that are relevant for the invoice, together with an indication of the note  subject.		15	36	請求書注釈クラス	UN01005876			
/rsm:CrossIndustryInvoice/rsm:ExchangedDocument/ram:IncludedNote/ram:Content	4	0..n	BT-22	2	1..1	Invoice note	A textual note that gives unstructured information that is relevant to the Invoice as a whole.	T	16	39	請求書注釈内容	UN01005560			
/rsm:CrossIndustryInvoice/rsm:ExchangedDocument/ram:IncludedNote/ram:SubjectCode	4	0..1	BT-21	2	0..1	Invoice note subject code	The subject of the following textual note.	C	17	40	請求書注釈識別子	UN01005562			
/rsm:CrossIndustryInvoice/rsm:SupplyChainTradeTransaction	2	1..1							18	41	請求書取引内容クラス	UN01005936			
/rsm:CrossIndustryInvoice/rsm:SupplyChainTradeTransaction/ram:ApplicableHeaderTradeAgreement	3	1..1							19	42	請求書契約クラス	UN01005937			
/rsm:CrossIndustryInvoice/rsm:SupplyChainTradeTransaction/ram:ApplicableHeaderTradeAgreement/ram:BuyerReference	4	0..1	BT-10	1	0..1	Buyer reference	An identifier assigned by the Buyer used for internal routing purposes.	T	20	?					
/rsm:CrossIndustryInvoice/rsm:SupplyChainTradeTransaction/ram:ApplicableHeaderTradeAgreement/ram:SellerTradeParty	4	0..1	BG-4	1	1..1	SELLER	A group of business terms providing information about the Seller.		21	44	受注者クラス	UN01005879			
/rsm:CrossIndustryInvoice/rsm:SupplyChainTradeTransaction/ram:ApplicableHeaderTradeAgreement/ram:SellerTradeParty/ram:ID	5	0..n	BT-29	2	0..n	Seller identifier	An identification of the Seller.	I	22	46	受注者コード	UN01005757	〇		
/rsm:CrossIndustiyInvoice/rsm:SupplyChainTradeTransaction/ram:ApplicableHeaderTradeAgreement/ram:SellerTradeParty/ram:GlobalID	5	0..n	BT-29	2	0..n	Seller identifier	An identification of the Seller.	I	23	47	受注者国際企業コード	UN01005758			
/rsm:CrossIndustryInvoice/rsm:SupplyChainTradeTransaction/ram:ApplicableHeaderTradeAgreement/ram:SellerTradeParty/ram:GlobalID/@schemeID	6		BT-291	3	0..1	Seller identifier identification scheme identifier	The identification scheme identifier of the Seller identifier.	S	24	?					
/rsm:CrossIndustryInvoice/rsm:SupplyChainTradeTransaction/ram:ApplicableHeaderTradeAgreement/ram:SellerTradeParty/ram:Name	5	0..1	BT-27	2	1..1	Seller name	The full formal name by which the Seller is registered in the national registry of legal entities or as a Taxable person or otherwise  trades as a person or persons.	T	25	48	受注者名称	UN01005759	〇	◎	
/rsm:CrossIndustryInvoice/rsm:SupplyChainTradeTransaction/ram:ApplicableHeaderTradeAgreement/ram:SellerTradeParty/ram:Description	5		BT-33	2	0..1	Seller additional legal information	Additional information relevant for Seller.	T	26	？					
/rsm:CrossIndustryInvoice/rsm:SupplyChainTradeTransaction/ram:ApplicableHeaderTradeAgreement/ram:SellerTradeParty/ram:SpecifiedLegalOrganization	5								27	？					
/rsm:CrossIndustryInvoice/rsm:SupplyChainTradeTransaction/ram:ApplicableHeaderTradeAgreement/ram:SellerTradeParty/ram:SpecifiedLegalOrganization/ram:ID	6		BT-30	2	0..1	Seller legal registration identifier	An identifier issued by an official registrar that identifies the Seller as a legal entity or person.	I	28	？					
/rsm:CrossIndustryInvoice/rsm:SupplyChainTradeTransaction/ram:ApplicableHeaderTradeAgreement/ram:SellerTradeParty/ram:SpecifiedLegalOrganization/ram:ID/@schemeID	7		BT-301	3	0..1	Seller legal registration identifier identification  scheme identifier	The identification scheme identifier of the Seller legal registration identifier.	S	29	？					
/rsm:CrossIndustryInvoice/rsm:SupplyChainTradeTransaction/ram:ApplicableHeaderTradeAgreement/ram:SellerTradeParty/ram:SpecifiedLegalOrganization/ram:TradingBusinessName	6	0..1	BT-28	2	0..1	Seller trading name	A name by which the Seller is known, other than Seller name (also known as Business name).	T	30	？					
/rsm:CrossIndustryInvoice/rsm:SupplyChainTradeTransaction/ram:ApplicableHeaderTradeAgreement/ram:SellerTradeParty/ram:DefinedTradeContact	5	0..n	BG-6	2	0..1	SELLER CONTACT	A group of business terms providing contact information about the Sellers		31	49	連絡先クラス	UN01005761			
/rsm:CrossIndustryInvoice/rsm:SupplyChainTradeTransaction/ram:ApplicableHeaderTradeAgreement/ram:SellerTradeParty/ram:DefinedTradeContact/ram:PersonName	6	0..1	BT-41	3	0..1	Seller contact point	A contact point for a legal entity or person.	T	32	52	受注者担当名	UN01005720			
/rsm:CrossIndustryInvoice/rsm:SupplyChainTradeTransaction/ram:ApplicableHeaderTradeAgreement/ram:SellerTradeParty/ram:DefinedTradeContact/ram:DepartmentName	6	0..1	BT-41	3	0..1	Seller contact point	A contact point for a legal entity or person.	T	33	53	受注者部門名	UN01005721			
/rsm:CrossIndustryInvoice/rsm:SupplyChainTradeTransaction/ram:ApplicableHeaderTradeAgreement/ram:SeIlerTradeParty/ram:DefinedTradeContact/ram:TelephoneUniversalCommunication	6	0..1							34	54	電話通信クラス	UN01005726			
/rsm:CrossIndustryInvoice/rsm:SupplyChainTradeTransaction/ram:ApplicableHeaderTradeAgreement/ram:SellerTradeParty/ram:DefinedTradeContact/ram:TelephoneUniversalCommunication/ram:CompleteNumber	7	0..1	BT-42	3	0..1	Seller contact telephone number	A phone number for the contact point.	T	35	56	受注者電話番号	UN01005860			
/rsm:CrossIndustryInvoice/rsm:SupplyChainTradeTransaction/ram:ApplicableHeaderTradeAgreement/ram:SellerTradeParty/ram:DefinedTradeContact/ram:EmailURlUniversalCommunication	6								36						
/rsm:CrossIndustryInvoice/rsm:SupplyChainTradeTransaction/ram:ApplicableHeaderTradeAgreement/ram:SellerTradeParty/ram:DefinedTradeContact/ram:EmailURIUniversalCommunication/ram:URIID	7		BT-43	3	0..1	Seller contact email address	An e-mail address for the contact point.	T	37						
/rsm:CrossIndustryInvoice/rsm:SupplyChainTradeTransaction/ram:ApplicableHeaderTradeAgreement/ram:SellerTradeParty/ram:PostalTradeAddress	5		BG-5	2	1..1	SELLER POSTAL ADDRESS	A group of business terms providing information about the address of the Seller.		38						
/rsm:CrossIndustryInvoice/rsm:SupplyChainTradeTransaction/ram:ApplicableHeaderTradeAgreement/ram:SellerTradeParty/ram:PostalTradeAddress/ram:PostcodeCode	6		BT-38	3	0..1	Seller post code	The identifier for an addressable group of properties according to the relevant postal service.	T	39						
/rsm:CrossIndustryInvoice/rsm:SupplyChainTradeTransaction/ram:ApplicableHeaderTradeAgreement/ram:SellerTradeParty/ram:PostalTradeAddress/ram:LineOne	6		BT-35	3	0..1	Seller address line 1	The main address line in an address.	T	40						
/rsm:CrossIndustryInvoice/rsm:SupplyChainTradeTransaction/ram:ApplicableHeaderTradeAgreement/ram:SellerTradeParty/ram:PostalTradeAddress/ram:LineTwo	6		BT-36	3	0..1	Seller address line 2	An additional address line in an address that can be used to give further details supplementing the main line.	T	41						
/rsm:CrossIndustryInvoice/rsm:SupplyChainTradeTransaction/ram:ApplicableHeaderTradeAgreement/ram:SellerTradeParty/ram:PostalTradeAddress/ram:LineThree	6		BT-162		0..1	Seller address line 3	An additional address line in an address that can be used to give further details supplementing the main line.	T	42						
/rsm:CrossIndustryInvoice/rsm:SupplyChainTradeTransaction/ram:ApplicableHeaderTradeAgreement/ram:SellerTradeParty/ram:PostalTradeAddress/ram:CityName	6		BT-37	3	0..1	Seller city	The common name of the city, town or village, where the Seller address is located.	T	43						
/rsm:CrossIndustryInvoice/rsm:SupplyChainTradeTransaction/ram:ApplicableHeaderTradeAgreement/ram:SellerTradeParty/ram:PostaITradeAddress/ram:CountryID	6		BT-40	3	1..1	Seller country code	A code that identifies country.	C	44	×					
/rsm:CrossIndustryInvoice/rsm:SupplyChainTradeTransaction/ram:ApplicableHeaderTradeAgreement/ram:SellerTradeParty/ram:PostalTradeAddress/ram:CountrySubDivisionName	6		BT-39	3	0..1	Seller country subdivision	The subdivision of a country.	T	45	×					
/rsm:CrossIndustryInvoice/rsm:SupplyChainTradeTransaction/ram:ApplicableHeaderTradeAgreement/ram:SellerTradeParty/ram:URIUniversalCommunication	5								46	×					
/rsm:CrossIndustryInvoice/rsm:SupplyChainTradeTransaction/ram:ApplicableHeaderTradeAgreement/ram:SellerTradeParty/ram:URIUniversalCommunication/ram:URIID	6		BT-34	2	0..1	Seller electronic address	Identifies the Seller's electronic address to which a business document may be delivered.	I	47	×					
/rsm:CrossIndustryJnvoice/rsm:SupplyChainTradeTransaction/ram:ApplicableHeaderTradeAgreement/ram:SellerTradeParty/ram:URIUniversalCommunication/ram:URIID/@schemeID	7		BT-341	3	1..1	Seller electronic address identification scheme  identifier	The identification scheme identifier of the Seller electronic address	S	48	×					
/rsm:CrossIndustryInvoice/rsm:SupplyChainTradeTransaction/ram:ApplicableHeaderTradeAgreement/ram:SellerTradeParty/ram:SpecifiedTaxRegistration	5	0..n							49	57	適格請求書発行事業者登録クラス	UN01005764			
/rsm:CrossIndustryInvoice/rsm:SupplyChainTradeTransaction/ram:ApplicableHeaderTradeAgreement/ram:SellerTradeParty/ram:SpecifiedTaxRegistration/ram:ID	6	0..1	BT-31	2	0..1	Seller VAT identifier	The Seller's VAT identifier (also known as Seller VAT identification number).	I	50	59	適格請求書発行事業者登録番号	UN01005668			
/rsm:CrossIndustryInvoice/rsm:SupplyChainTradeTransaction/ram:ApplicableHeaderTradeAgreement/ram:SellerTradeParty/ram:SpecifiedTaxRegistration/ram:ID	6	0..1	BT-32	2	0..1	Seller tax registration identifier	The local identification (defined by the Seller's address) of the Seller for tax purposes or a reference that enables the Seller to  state his registered tax status.	I	51	？					
/rsm:CrossIndustryInvoice/rsm:SupplyChainTradeTransaction/ram:ApplicableHeaderTradeAgreement/ram:SellerTradeParty/ram:SpecifiedTaxRegistration/ram:ID/@schemeID	7								52	？					
/rsm:CrossIndustryInvoice/rsm:SupplyChainTradeTransaction/ram:ApplicableHeaderTradeAgreement/ram:BuyerTradeParty	4	0..1	BG-7	1	1..1	BUYER	A group of business terms providing information about the Buyer.		53	60	発注者クラス	UN01005880			
/rsm:CrossIndustryInvoice/rsm:SupplyChainTradeTransaction/ram:ApplicableHeaderTradeAgreement/ram:BuyerTradeParty/ram:ID	5	0..n	BT-46	2	0..n	Buyer identifier	An identifier of the Buyer.	I	54	62	発注者コード	UN01005757	〇		
/rsm:CrossIndustryInvoice/rsm:SupplyChainTradeTransaction/ram:ApplicableHeaderTradeAgreement/ram:BuyerTradeParty/ram:GlobalID	5	0..n	BT-46	2	0..n	Buyer identifier	An identifier of the Buyer.	I	55	63	発注者国際企業コード	UN01005758			
/rsm:CrossIndustryInvoice/rsm:SupplyChainTradeTransaction/ram:ApplicableHeaderTradeAgreement/ram:BuyerTradeParty/ram:GlobalID/@schemeID	6		BT-461	3	0..1	Buyer identifier identification scheme identifier	The identification scheme identifier of the Buyer identifier.	S	56	？					
/rsm:CrossIndustryInvoice/rsm:SupplyChainTradeTransaction/ram:ApplicableHeaderTradeAgreement/ram:BuyerTradeParty/ram:Name	5	0..1	BT-44	2	1..1	Buyer name	The full name the Buyer.	T	57	64	発注者名称	UN01005759	〇	◎	
/rsm:CrossIndustryInvoice/rsm:SupplyChainTradeTransaction/ram:ApplicableHeaderTradeAgreement/ram:BuyerTradeParty/ram:SpecifiedLegalOrganization	5	0..1							58	？					
/rsm:CrossIndustryInvoice/rsm:SupplyChainTradeTransaction/ram:ApplicableHeaderTradeAgreement/ram:BuyerTradeParty/ram:SpecifiedLegalOrganization/ram:ID	6	0..1	BT-47	2	0..1	Buyer legal registration identifier	An identifier issued by an official registrar that identifies the Buyer as a legal entity or person.	I	59	？					
/rsm:CrossIndustryInvoice/rsm:SupplyChainTradeTransaction/ram:ApplicableHeaderTradeAgreement/ram:BuyerTradeParty/ram:SpecifiedLegalOrganization/ram:ID/@schemeID	7		BT-471	3	0..1	Buyer legal registration identifier identification  scheme identifier	The identification scheme identifier of the Buyer legal registration identifier.	S	60	？					
/rsm:CrossIndustryInvoice/rsm:SupplyChainTradeTransaction/ram:ApplicableHeaderTradeAgreement/ram:BuyerTradeParty/ram:SpecifiedLegalOrganization/ram:TradingBusinessName	6	0..1	BT-45	2	0..1	Buyer trading name	A name by which the Buyer is known, other than Buyer name (also known as Business name).	T	61	？					
/rsm:CrossIndustryInvoice/rsm:SupplyChainTradeTransaction/ram:ApplicableHeaderTradeAgreement/ram:BuyerTradeParty/ram:DefmedTradeContact	5	0..n	BG-9	2	0..1	BUYER CONTACT	A group of business terms providing contact information relevant for the Buyer.		62						
/rsm:CrossIndustryInvoice/rsm:SupplyChainTradeTransaction/ram:ApplicableHeaderTradeAgreement/ram:BuyerTradeParty/ram:DefinedTradeContact/ram:PersonName	6	0..1	BT-56	3	0..1	Buyer contact point	A contact point for a legal entity or person.	T	63						
/rsm:CrossIndustryInvoice/rsm:SupplyChainTradeTransaction/ram:ApplicableHeaderTradeAgreement/ram:BuyerTradeParty/ram:DefinedTradeContact/ram:DepartmentName	6	0..1	BT-56	3	0..1	Buyer contact point	A contact point for a legal entity or person.	T	64						
/rsm:CrossIndustryInvoice/rsm:SupplyChainTradeTransaction/ram:ApplicableHeaderTradeAgreement/ram:BuyerTradeParty/ram:DefinedTradeContact/ram:TelephoneUniversalCommunication	6	0..1							65						
/rsm:CrossIndustryInvoice/rsm:SupplyChainTradeTransaction/ram:ApplicableHeaderTradeAsreement/ram:BuyerTradeParty/ram:DefinedTradeContact/ram:TelephoneUniversalCommunication/ram:CompleteNumber	7	0..1	BT-57	3	0..1	Buyer contact telephone number	A phone number for the contact point.	T	66						
/rsm:CrossIndustryInvoice/rsm:SupplyChainTradeTransaction/ram:ApplicableHeaderTradeAgreement/ram:BuyerTradeParty/ram:DefinedTradeContact/ram:EmailURlUniversalCommunication	6	0..1							67						
/rsm:CrossIndustryInvoice/rsm:SupplyChainTradeTransaction/ram:ApplicableHeaderTradeAgreement/ram:BuyerTradeParty/ram:DefmedTradeContact/ram:EmailURIUniversalCommunication/ram:URIID	7	0..1	BT-58	3	0..1	Buyer contact email address	An e-mail address for the contact point.	T	68						
/rsm:CrossIndustryInvoice/rsm:SupplyChainTradeTransaction/ram:ApplicableHeaderTradeAgreement/ram:BuyerTradeParty/ram:PostalTradeAddress	5	0..1	BG-8	2	1..1	BUYER POSTAL ADDRESS	A group of business terms providing information about the postal address for the Buyer.		69						
/rsm:CrossIndustryInvoice/rsm:SupplyChainTradeTransaction/ram:ApplicableHeaderTradeAgreement/ram:BuyerTradeParty/ram:PostalTradeAddress/ram:PostcodeCode	6	0..1	BT-53	3	0..1	Buyer post code	The identifier for an addressable group of properties according to the relevant postal service.	T	70						
/rsm:CrossIndustryInvoice/rsm:SupplyChainTradeTransaction/ram:ApplicableHeaderTradeAgreement/ram:BuyerTradeParty/ram:PostalTradeAddress/ram:LineOne	6	0..1	BT-50	3	0..1	Buyer address line 1	The main address line in an address.	T	71						
/rsm:CrossIndustryInvoice/rsm:SupplyChainTradeTransaction/ram:ApplicableHeaderTradeAgreement/ram:BuyerTradeParty/ram:PostalTradeAddress/ram:LineTwo	6	0..1	BT-51	3	0..1	Buyer address line 2	An additional address line in an address that can be used to give further details supplementing the main line.	T	72						
/rsm:CrossIndustryInvoice/rsm:SupplyChainTradeTransaction/ram:ApplicableHeaderTradeAgreement/ram:BuyerTradeParty/ram:PostalTradeAddress/ram:LineThree	6	0..1	BT-163		0..1	Buyer address line 3	An additional address line in an address that can be used to give further details supplementing the main line.	T	73						
/rsm:CrossIndustryInvoice/rsm:SupplyChainTradeTransaction/ram:ApplicableHeaderTradeAgreement/ram:BuyerTradeParty/ram:PostalTradeAddress/ram:CityName	6	0..1	BT-52	3	0..1	Buyer city	The common name of the city, town or village, where the Buyer's address is located.	T	74						
/rsm:CrossIndustryInvoice/rsm:SupplyChainTradeTransaction/ram:ApplicableHeaderTradeAgreement/ram:BuyerTradeParty/ram:PostalTradeAddress/ram:CountryID	6	0..1	BT-55	3	1..1	Buyer country code	A code identifies country.	C	75						
/rsm:CrossIndustryInvoice/rsm:SupplyChainTradeTransaction/ram:ApplicableHeaderTradeAgreement/ram:BuyerTradeParty/ram:PostalTradeAddress/ram:CountrySubDivisionName	6	0..n	BT-54	3	0..1	Buyer country subdivision	The subdivision of a country.	T	76						
/rsm:CrossIndustryInvoice/rsm:SupplyChainTradeTransaction/ram:ApplicableHeaderTradeAgreement/ram:BuyerTradeParty/ram:URIUniversalCommunication	5	0..n							77	×					
/rsm:CrossIndustryInvoice/rsm:SupplyChainTradeTransaction/ram:ApplicableHeaderTradeAgreement/ram:BuyerTradeParty/ram:URIUniversalCommunication/ram:URIID	6	0..1	BT-49	2	0..1	Buyer electronic address	Identifies the Buyer's electronic address to which a business document should be delivered.	I	78	×					
/rsm:CrossIndustryInvoice/rsm:SupplyChainTradeTransaction/ram:ApplicableHeaderTradeAgreement/ram:BuyerTradeParty/ram:URIUniversalCommunication/ram:URIID/@schemeID	7		BT-491	3	1..1	Buyer electronic address identification scheme  identifier	The identification scheme identifier of the Buyer electronic address.	S	79	×					
/rsm:CrossIndustryInvoice/rsm:SupplyChainTradeTransaction/ram:ApplicableHeaderTradeAgreement/ram:BuyerTradeParty/ram:SpecifiedTaxRegistration	5	0..n							80	？					
/rsm:CrossIndustryInvoice/rsm:SupplyChainTradeTransaction/ram:ApplicableHeaderTradeAgreement/ram:BuyerTradeParty/ram:SpecifiedTaxRegistration/ram:ID	6	0..1	BT-48	2	0..1	Buyer VAT identifier	The Buyer's VAT identifier [also known as Buyer VAT identification number).	I	81	？					
/rsm:CrossIndustryInvoice/rsm:SupplyChainTradeTransaction/ram:ApplicableHeaderTradeAgreement/ram:BuyerTradeParty/ram:SpecifiedTaxRegistration/ram:ID/@schemeID	7								82	？					
/rsm:CrossIndustryInvoice/rsm:SupplyChainTradeTransaction/ram:ApplicableHeaderTradeAgreement/ram:SellerTaxRepresentativeTradeParty	4	0..1	BG-11	1	0..1	SELLER TAX REPRESENTATIVE PARTY	A group of business terms providing information about the Seller's tax representative.		83	？					
/rsm:CrossIndustiyInvoice/rsm:SupplyChainTradeTransaction/ram:ApplicableHeaderTradeAgreement/ram:SellerTaxRepresentativeTradeParty/ram:Name	5	0..1	BT-62	2	1..1	Seller tax represent ative name	The full name the Seller's representative party.	T	84	？					
/rsm:CrossIndustryInvoice/rsm:SupplyChainTradeTransaction/ram:ApplicableHeaderTradeAgreement/ram:SellerTaxRepresentativeTradeParty/ram:PostalTradeAddress	5	0..1	BG-12	2	1..1	SELLER TAX REPRESENTATIVE POSTAL  ADDRESS	A group of business terms providing information about the postal address for the tax representative party.		85	？					
/rsm:CrossIndustryInvoice/rsm:SupplyChainTradeTransaction/ram:ApplicableHeaderTradeAgreement/ram:SellerTaxRepresentativeTradeParty/ram:PostalTradeAddress/ram:PostcodeCode	6	0..1	BT-67	3	0..1	Tax represent ative post code	The identifier for an addressable group of properties according to the relevant postal service.	T	86	？					
/rsm:CrossIndustryInvoice/rsm:SupplyChainTradeTransaction/ram:ApplicableHeaderTradeAgreement/ram:SellerTaxRepresentativeTradeParty/ram:PostalTradeAddress/ram:LineOne	6	0..1	BT-64	3	0..1	Tax represent ative address line 1	The main address line in an address.	T	87	？					
/rsm:CrossIndustryInvoice/rsm:SupplyChainTradeTransaction/ram:ApplicableHeaderTradeAgreement/ram:SellerTaxRepresentativeTradeParty/ram:PostalTradeAddress/ram:LineTwo	6	0..1	BT-65	3	0..1	Tax represent ative address line 2	An additional address line in an address that can be used to give further details supplementing the main line.	T	88	？					
/rsm:CrossIndustryInvoice/rsm:SupplyChainTradeTransaction/ram:ApplicableHeaderTradeAgreement/ram:SeIlerTaxRepresentativeTradeParty/ram:PostalTradeAddress/ram:LineThree	6	0..1	BT-164		0..1	Tax represent ative address line 3	An additional address line in an address that can be used to give further details supplementing the main line.	T	89	？					
/rsm:CrossIndustryInvoice/rsm:SupplyChainTradeTransaction/ram:ApplicableHeaderTradeAgreement/ram:SellerTaxRepresentativeTradeParty/ram:PostalTradeAddress/ram:CityName	6	0..1	BT-66	3	0..1	Tax represent ative city	The common name of the city, town or village, where the tax representative address is located.	T	90	？					
/rsm:CrossIndustryInvoice/rsm:SupplyChainTradeTransaction/ram:ApplicableHeaderTradeAgreement/ram:SellerTaxRepresentativeTradeParty/ram:PostalTradeAddress/ram:CountryID	6	0..1	BT-69	3	1..1	Tax represent ative country code	A code identifies country.	C	91	？					
/rsm:CrossIndustryInvoice/rsm:SupplyChainTradeTransaction/ram:ApplicableHeaderTradeAgreement/ram:SellerTaxRepresentativeTradeParty/ram:PostalTradeAddress/ram:CountrySubDivisionName	6	0..n	BT-68	3	0..1	Tax represent ative country subdivision	The subdivision of a country.	T	92	？					
/rsm:CrossIndustryInvoice/rsm:SupplyChainTradeTransaction/ram:ApplicableHeaderTradeAgreement/ram:SellerTaxRepresentativeTradeParty/ram:SpecifiedTaxRegistration	5	0..n							93	？					
/rsm:CrossIndustryInvoice/rsm:SupplyChainTradeTransaction/ram:ApplicableHeaderTradeAgreement/ram:SellerTaxRepresentativeTradeParty/ram:SpecifiedTaxRegistration/ram:ID	6	0..1	BT-63	2	1..1	Seller tax represent ative VAT identifier	The VAT identifier of the Seller's tax representative party.	I	94	？					
/rsm:CrossIndustryInvoice/rsm:SupplyChainTradeTransaction/ram:ApplicableHeaderTradeAgreement/ram:SellerTaxRepresentativeTradeParty/ram:SpecifiedTaxRegistration/ram:ID/@schemeID	7								95	？					
/rsm:CrossIndustryInvoice/rsm:SupplyChainTradeTransaction/ram:ApplicableHeaderTradeAgreement/ram:SellerOrderReferencedDocument	4	0..1							96	↓					
/rsm:CrossIndustiyInvoice/rsm:SupplyChainTradeTransaction/ram:ApplicableHeaderTradeAgreement/ram:SellerOrderReferencedDocument/ram:IssuerAssignedID	5	0..1	BT-14	1	0..1	Sales order reference	An identifier of a referenced sales order, issued by the Seller.   	0	97	↓					
/rsm:CrossIndustryInvoice/rsm:SupplyChainTradeTransaction/ram:ApplicableHeaderTradeAgreement/ram:BuyerOrderReferencedDocument	4	0..1							98	↓					
/rsm:CrossIndustryInvoice/rsm:SupplyChainTradeTransaction/ram:ApplicableHeaderTradeAgreement/ram:BuyerOrderReferencedDocument/ram:IssuerAssignedID	5	0..1	BT-13	1	0..1	Purchase order reference	An identifier of a referenced purchase order, issued by the Buyer.	0	99	↓					
/rsm:CrossIndustryInvoice/rsm:SupplyChainTradeTransaction/ram:ApplicableHeaderTradeAgreement/ram:ContractReferencedDocument	4	0..1							100	↓					
/rsm:CrossIndustryInvoice/rsm:SupplyChainTradeTransaction/ram:ApplicableHeaderTradeAgreement/ram:ContractReferencedDocument/ram:IssuerAssignedID	5	0..1	BT-12	1	0..1	Contract reference	The identification of a contract.	0	101	↓					
/rsm:CrossIndustryInvoice/rsm:SupplyChainTradeTransaction/ram:ApplicableHeaderTradeAgreement/ram:AdditionalReferencedDocument	4	0..n	BG-24	1	0..n	ADDITIONAL SUPPORTING DOCUMENTS	A group of business terms providing information about additional supporting documents substantiating the claims made in the  Invoice.		102	↓					
/rsm:CrossIndustryInvoice/rsm:SupplyChainTradeTransaction/ram:ApplicableHeaderTradeAgreement/ram:AdditionalReferencedDocument/ram:IssuerAssignedID	5	0..1	BT-122	2	1..1	Supportin g document reference	An identifier of the supporting document.	0	103	↓					
/rsm:CrossIndustryInvoice/rsm:SupplyChainTradeTransaction/ram:ApplicableHeaderTradeAgreement/ram:AdditionalReferencedDocument/ram:IssuerAssignedID	5	0..1	BT-17	1	0..1	Tender or lot reference	The identification of the call for tender or lot the invoice relates to.	0	104	↓					
/rsm:CrossIndustryInvoice/rsm:SupplyChainTradeTransaction/ram:ApplicableHeaderTradeAgreement/ram:AdditionalReferencedDocument/ram:IssuerAssignedID	5	0..1	BT-18	1	0..1	Invoiced object identifier	The identification of the call for tender or lot the invoice relates to.	I	105	↓					
/rsm:CrossIndustryInvoice/rsm:SupplyChainTradeTransaction/ram:ApplicableHeaderTradeAgreement/ram:AdditionalReferencedDocument/ram:URIID	5	0..1	BT-124	2	0..1	External document location	The URL (Uniform Resource Locator) that identifies where the external document is located.	T	106	↓					
/rsm:CrossIndustryInvoice/rsm:SupplyChainTradeTransaction/ram:AppIicableHeaderTradeAgreement/ram:AdditionalReferencedDocument/ram:TypeCode	5	0..1	BT-122	2	1..1	Supportin g document reference	An identifier of the supporting document.	0	107	↓					
/rsm:CrossIndustiyInvoice/rsm:SupplyChainTradeTransaction/ram:ApplicableHeaderTradeAgreement/ram:AdditionalReferencedDocument/ram:TypeCode	5	0..1	BT-17	1	0..1	Tender or lot reference	The identification of the call for tender or lot the invoice relates to. Fixed value '50'	0	108	↓					
/rsm:CrossIndustryInvoice/rsm:SupplyChainTradeTransaction/ram:ApplicableHeaderTradeAgreement/ram:AdditionalReferencedDocument/ram:TypeCode	5	0..1	BT-18	1	0..1	Invoiced object identifier	The identification of the call for tender or lot the invoice relates to. Fixed value '130'	I	109	↓					
/rsm:CrossIndustryInvoice/rsm:SupplyChainTradeTransaction/ram:ApplicableHeaderTradeAgreement/ram:AdditionalReferencedDocument/ram:Name	5	0..n	BT-123	2	0..1	Supportin g document description	A description of the supporting document.	T	110	↓					
/rsm:CrossIndustryInvoice/rsm:SupplyChainTradeTransaction/ram:ApplicableHeaderTradeAgreement/ram:AdditionalReferencedDocument/ram:AttachmentBinaryObject	5	0..n	BT-125	2	0..1	Attached document	An attached document embedded as binary object or sent together with the invoice.	B	111	↓					
/rsm:CrossIndustryInvoice/rsm:SupplyChainTradeTransaction/ram:ApplicableHeaderTradeAgreement/ram:AdditionalReferencedDocument/ram:AttachmentBinaryObject/@mimeCode	6		BT-125-1	3	1..1	Attached document Mime code	The mime code of the attached document.	S	112	↓					
/rsm:CrossIndustryInvoice/rsm:SupplyChainTradeTransaction/ram:ApplicableHeaderTradeAgreement/ram:AdditionalReferencedDocument/ram:AttachmentBinaryObject/@filename	6		BT-125-2	3	1..1	Attached document Filename	The file name of the attached document	S	113	↓					
/rsm:CrossIndustryInvoice/rsm:SupplyChainTradeTransaction/ram:ApplicableHeaderTradeAgreement/ram:AdditionalReferencedDocument/ram:ReferenceTypeCode	5	0..1	BT-181	2	0..1	Scheme identifier	The identification scheme identifier of the Invoiced object identifier.   	S	114	↓					
/rsm:CrossIndustryInvoice/rsm:SupplyChainTradeTransaction/ram:ApplicableHeaderTradeAgreement/ram:SpecifiedProcuringProject	4	0..1							115	73	プロジェクト調達クラス	UN01011516			
/rsm:CrossIndustryInvoice/rsm:SupplyChainTradeTransaction/ram:ApplicableHeaderTradeAgreement/ram:SpecifiedProcuringProject/ram:lD	5	1..1	BT-11	1	0..1	Project reference	The identification of the project the invoice refers to.	0	116	75	プロジェクト番号	UN01000372			
/rsm:CrossIndustryInvoice/rsm:SupplyChainTradeTransaction/ram:ApplicableHeaderTradeAgreement/ram:SpecifiedProcuringProject/ram:Name	5	1..1	BT-11	1	0..1	Project reference	The identification of the project the invoice refers to. Fixes value: 'Project reference'	0	117	76	プロジェクト名	UN01000374			
/rsm:CrossIndustryInvoice/rsm:SupplyChainTradeTransaction/ram:ApplicableHeaderTradeDelivery	3	1..1							118	↓					
/rsm:CrossIndustryInvoice/rsm:SupplyChainTradeTransaction/ram:ApplicableHeaderTradeDelivery/ram:ShipToTradeParty	4	0..1	BG-13	1	0..1	DELIVERY INFORMATION	A group of business terms providing information about where and when the goods and services invoiced are delivered.		119	↓					
/rsm:CrossIndustryInvoice/rsm:SupplyChainTradeTransaction/ram:ApplicableHeaderTradeDelivery/ram:ShipToTradeParty/ram:ID	5	0..n	BT-71	2	0..1	Deliver to location identifier	An identifier for the location at which the goods and services are delivered.	I	120	↓					
/rsm:CrossIndustryInvoice/rsm:SupplyChainTradeTransaction/ram:ApplicableHeaderTradeDelivery/ram:ShipToTradeParty/ram:GlobalID	5	0..n	BT-71	2	0..1	Deliver to location identifier	An identifier for the location at which the goods and services are delivered.	I	121	↓					
/rsm:CrossIndustryInvoice/rsm:SupplyChainTradeTransaction/ram:ApplicableHeaderTradeDelivery/ram:ShipToTradeParty/ram:GlobalID/@schemeID	6		BT-711	3	0..1	Deliver to location identifier identification  scheme identifier	The identification scheme identifier of the Deliver to location identifier.	S	122	↓					
/rsm:CrossIndustryInvoice/rsm:SupplyChainTradeTransaction/ram:ApplicableHeaderTradeDelivery/ram:ShipToTradeParty/ram:Name	5	0..1	BT-70	2	0..1	Deliver to party name	The name of the party to which the goods and services are delivered.	T	123	↓					
/rsm:CrossIndustryInvoice/rsm:SupplyChainTradeTransaction/ram:ApplicableHeaderTradeDelivery/ram:ShipToTradeParty/ram:PostalTradeAddress	5	0..1	BG-15	2	0..1	DELIVER TO ADDRESS	A group of business terms providing information about the address to which goods and services invoiced were or are delivered.		124	↓					
/rsm:CrossIndustryInvoice/rsm:SupplyChainTradeTransaction/ram:ApplicableHeaderTradeDelivery/ram:ShipToTradeParty/ram:PostalTradeAddress/ram:PostcodeCode	6	0..1	BT-78	3	0..1	Deliver to postcode	The identifier for an addressable group of properties according to the relevant postal service.	T	125	↓					
/rsm:CrossIndustryInvoice/rsm:SupplyChainTradeTransaction/ram:ApplicableHeaderTradeDelivery/ram:ShipToTradeParty/ram:PostalTradeAddress/ram:LineOne	6	0..1	BT-75	3	0..1	Deliver to address line 1	The main address line in an address.	T	126	↓					
/rsm:CrossIndustryInvoice/rsm:SupplyChainTradeTransaction/ram:ApplicableHeaderTradeDelivery/ram:ShipToTradeParty/ram:PostalTradeAddress/ram:LineTwo	6	0..1	BT-76	3	0..1	Deliver to address line 2	An additional address line in an address that can be used to give further details supplementing the main line.	T	127	↓					
/rsm:CrossIndustiyInvoice/rsm:SupplyChainTradeTransaction/ram:ApplicableHeaderTradeDelivery/ram:ShipToTradeParty/ram:PostalTradeAddress/ram:LineThree	6	0..1	BT-165		0..1	Deliver to address line 3	An additional address line in an address that can be used to give further details supplementing the main line.	T	128	↓					
/rsm:CrossIndustryInvoice/rsm:SupplyChainTradeTransaction/ram:ApplicableHeaderTradeDelivery/ram:ShipToTradeParty/ram:PostalTradeAddress/ram:CityName	6	0..1	BT-77	3	0..1	Deliver to city	The common name of the city, town or village, where the deliver to address is located.	T	129	↓					
/rsm:CrossIndustryInvoice/rsm:SupplyChainTradeTransaction/ram:ApplicableHeaderTradeDelivery/ram:ShipToTradeParty/ram:PostalTradeAddress/ram:CountryID	6	0..1	BT-80	3	1..1	Deliver to country code	A code identifies country.	C	130	↓					
/rsm:CrossIndustryInvoice/rsm:SupplyChainTradeTransaction/ram:ApplicableHeaderTradeDelivery/ram:ShipToTradeParty/ram:PostalTradeAddress/ram:CountrySubDivisionName	6	0..n	BT-79	3	0..1	Deliver to country subdivision	The subdivision of a country.	T	131	↓					
/rsm:CrossIndustryInvoice/rsm:SupplyChainTradeTransaction/ram:ApplicableHeaderTradeDelivery/ram:ActualDeliverySupplyChainEvent	4	0..1							132	↓					
/rsm:CrossIndustryInvoice/rsm:SupplyChainTradeTransaction/ram:ApplicableHeaderTradeDelivery/ram:ActualDeliverySupplyChainEvent/ram:OccurrenceDateTime	5	0..1							133	↓					
/rsm:CrossIndustryInvoice/rsm:SupplyChainTradeTransaction/ram:ApplicableHeaderTradeDelivery/ram:ActualDeliverySupplyChainEvent/ram:OccurrenceDateTime/udt:DateTimeString	6	1..1	BT-72	2	0..1	Actual delivery date	The date on which the delivery is made.	D	134	↓					
/rsm:CrossIndustryInvoice/rsm:SupplyChainTradeTransaction/ram:ApplicableHeaderTradeDelivery/ram:ActualDeliverySupplyChainEvent/ram:OccurrenceDateTime/udt:DateTimeString/@format	7								135	↓					
/rsm:CrossIndustryInvoice/rsm:SupplyChainTradeTransaction/ram:ApplicableHeaderTradeDelivery/ram:DespatchAdviceReferencedDocument	4	0..1							136	↓					
/rsm:CrossIndustryInvoice/rsm:SupplyChainTradeTransaction/ram:ApplicableHeaderTradeDelivery/ram:DespatchAdviceReferencedDocument/ram:IssuerAssignedID	5	0..1	BT-16	1	0..1	Despatch advice reference	An identifier of a referenced despatch advice.	0	137	↓					
/rsm:CrossIndustryInvoice/rsm:SupplyChainTradeTransaction/ram:ApplicableHeaderTradeDelivery/ram:ReceivingAdviceReferencedDocument	4	0..1							138	↓					
/rsm:CrossIndustryInvoice/rsm:SupplyChainTradeTransaction/ram:ApplicableHeaderTradeDelivery/ram:ReceivingAdviceReferencedDocument/ram:IssuerAssignedID	5	0..1	BT-15	1	0..1	Receiving advice reference	An identifier of a referenced receiving advice.	0	139	↓					
/rsm:CrossIndustryInvoice/rsm:SupplyChainTradeTransaction/ram:ApplicableHeaderTradeSettlement	3	1..1	BG-19	2	0..1	DIRECT DEBIT	A group of business terms to specify a direct debit.		140	77	請求書決済クラス	UN01005939			
/rsm:CrossIndustryInvoice/rsm:SupplyChainTradeTransaction/ram:ApplicableHeaderTradeSettlement/ram:CreditorReferenceID	4	0..1	BT-90	3	0..1	Bank assigned creditor identifier	Unique banking reference identifier of the Payee or Seller assigned by the Payee or Seller bank.	I	141	?					
/rsm:CrossIndustryInvoice/rsm:SupplyChainTradeTransaction/ram:ApplicableHeaderTradeSettlement/ram:PaymentReference	4	0..n	BT-83	2	0..1	Remittance information	A textual value used to establish a link between the payment and the Invoice, issued by the Seller.	T	142	?					
/rsm:CrossIndustryInvoice/rsm:SupplyChainTradeTransaction/ram:ApplicableHeaderTradeSettlement/ram:TaxCurrencyCode	4	0..1	BT-6	1	0..1	VAT accounting currency code	The currency used for VAT accounting and reporting purposes as accepted or required in the country of the Seller.	C	143	?					
/rsm:CrossIndustryInvoice/rsm:SupplyChainTradeTransaction/ram:ApplicableHeaderTradeSettlement/ram:InvoiceCurrencyCode	4	0..1	BT-5	1	1..1	Invoice currency code	The currency in which all Invoice amounts are given, except for the Total VAT amount in accounting currency.	C	144	?					
/rsm:CrossIndustryInvoice/rsm:SupplyChainTradeTransaction/ram:ApplicableHeaderTradeSettlement/ram:InvoicerTradeParty	4	0..1							145	79	請求者クラス	UN01005916			
/rsm:CrossIndustryInvoice/rsm:SupplyChainTradeTransaction/ram:ApplicableHeaderTradeSettlement/ram:InvoicerTradeParty/ram:ID	5	0..1							146	81	請求者コード	UN01005757			
/rsm:CrossIndustryInvoice/rsm:SupplyChainTradeTransaction/ram:ApplicableHeaderTradeSettlement/ram:InvoicerTradeParty/ram:GlobalID	5	0..1							147	82	請求者国際企業コード	UN01005758			
/rsm:CrossIndustryInvoice/rsm:SupplyChainTradeTransaction/ram:ApplicableHeaderTradeSettlement/ram:InvoicerTradeParty/ram:Name	5	0..1							148	83	請求者名称	UN01005759			
/rsm:CrossIndustryInvoice/rsm:SupplyChainTradeTransaction/ram:ApplicableHeaderTradeAgreement/ram:InvoicerTradeParty/ram:DefinedTradeContact	5	0..1							149	84	連絡先クラス	UN01005761			
/rsm:CrossIndustryInvoice/rsm:SupplyChainTradeTransaction/ram:ApplicableHeaderTradeAgreement/ram:InvoicerTradeParty/ram:DefinedTradeContact/ram:PersonName	6	0..1							150	87	請求者担当名	UN01005720			
/rsm:CrossIndustryInvoice/rsm:SupplyChainTradeTransaction/ram:ApplicableHeaderTradeAgreement/ram:InvoicerTradeParty/ram:DefinedTradeContact/ram:DepartmentName	6	0..1							151	88	請求者部門名	UN01005721			
/rsm:CrossIndustryInvoice/rsm:SupplyChainTradeTransaction/ram:ApplicableHeaderTradeAgreement/ram:InvoicerTradeParty/ram:DefinedTradeContact/ram:TelephoneUniversalCommunication	6	0..1							152	89	電話通信クラス	UN01005726			
/rsm:CrossIndustryInvoice/rsm:SupplyChainTradeTransaction/ram:ApplicableHeaderTradeAgreement/ram:InvoicerTradeParty/ram:DefinedTradeContact/ram:TelephoneUniversalCommunication/ram:CompleteNumber	7	0..1							153	91	請求者電話番号	UN01005860			
/rsm:CrossIndustryInvoice/rsm:SupplyChainTradeTransaction/ram:ApplicableHeaderTradeAgreement/ram:InvoicerTradeParty/ram:SpecifiedTaxRegistration	5	0..n							154	92	適格請求書発行事業者登録クラス	UN01005764			
/rsm:CrossIndustryInvoice/rsm:SupplyChainTradeTransaction/ram:ApplicableHeaderTradeAgreement/ram:InvoicerTradeParty/ram:SpecifiedTaxRegistration/ram:ID	6	0..1						I	155	94	適格請求書発行事業者登録番号	UN01005860		◎	
/rsm:CrossIndustryInvoice/rsm:SupplyChainTradeTransaction/ram:ApplicableHeaderTradeSettlement/ram:InvoiceeTradeParty	4	0..1							156	95	請求先クラス	UN01005917			
/rsm:CrossIndustryInvoice/rsm:SupplyChainTradeTransaction/ram:ApplicableHeaderTradeSettlement/ram:InvoiceeTradeParty/ram:ID	5	0..1							157	97	請求先コード	UN01005757			
/rsm:CrossIndustryInvoice/rsm:SupplyChainTradeTransaction/ram:ApplicableHeaderTradeSettlement/ram:InvoiceeTradeParty/ram:GlobalID	5	0..1							158	98	請求先国際企業コード	UN01005758			
/rsm:CrossIndustryInvoice/rsm:SupplyChainTradeTransaction/ram:ApplicableHeaderTradeSettlement/ram:InvoiceeTradeParty/ram:Name	5	0..1							159	99	請求先名称	UN01005759			
/rsm:CrossIndustryInvoice/rsm:SupplyChainTradeTransaction/ram:ApplicableHeaderTradeAgreement/ram:InvoiceeTradeParty/ram:DefinedTradeContact	5	0..1							160	100	連絡先クラス	UN01005917			
/rsm:CrossIndustryInvoice/rsm:SupplyChainTradeTransaction/ram:ApplicableHeaderTradeAgreement/ram:InvoiceeTradeParty/ram:DefinedTradeContact/ram:PersonName	6	0..1							161	103	請求先担当名	UN01005720			
/rsm:CrossIndustryInvoice/rsm:SupplyChainTradeTransaction/ram:ApplicableHeaderTradeAgreement/ram:InvoiceeTradeParty/ram:DefinedTradeContact/ram:DepartmentName	6	0..1							162	104	請求先部門名	UN01005721			
/rsm:CrossIndustryInvoice/rsm:SupplyChainTradeTransaction/ram:ApplicableHeaderTradeAgreement/ram:InvoiceeTradeParty/ram:DefinedTradeContact/ram:TelephoneUniversalCommunication	6	0..1							163	105	電話通信クラス	UN01005726			
/rsm:CrossIndustryInvoice/rsm:SupplyChainTradeTransaction/ram:ApplicableHeaderTradeAgreement/ram:InvoiceeTradeParty/ram:DefinedTradeContact/ram:TelephoneUniversalCommunication/ram:CompleteNumber	7	0..1							164	107	請求先電話番号	UN01005860			
/rsm:CrossIndustryInvoice/rsm:SupplyChainTradeTransaction/ram:ApplicableHeaderTradeSettlement/ram:PayeeTradeParty	4	0..1	BG-10	1	0..1	PAYEE	A group of business terms providing information about the Payee, i.e. the role that receives the payment.		165	108	支払先クラス	UN01005918			
/rsm:CrossIndustryInvoice/rsm:SupplyChainTradeTransaction/ram:ApplicableHeaderTradeSettlement/ram:PayeeTradeParty/ram:ID	5	0..1	BT-60	2	0..1	Payee identifier	An identifier the Payee.		166	110	支払先コード	UN01005757			
/rsm:CrossIndustryInvoice/rsm:SupplyChainTradeTransaction/ram:ApplicableHeaderTradeSettlement/ram:PayeeTradeParty/ram:GlobalID	5	0..1	BT-60	2	0..1	Payee identifier	An identifier the Payee.	I	167	111	支払先国際企業コード	UN01005758			
/rsm:CrossIndustryInvoice/rsm:SupplyChainTradeTransaction/ram:ApplicableHeaderTradeSettlement/ram:PayeeTradeParty/ram:GlobalID/@schemeID	6		BT-601	3	0..1	Payee identifier identification scheme identifier	The identification scheme identifier of the Payee identifier.	S	168	？					
/rsm:CrossIndustryInvoice/rsm:SupplyChainTradeTransaction/ram:ApplicableHeaderTradeSettlement/ram:PayeeTradeParty/ram:Name	5	0..1	BT-59	2	1..1	Payee name	The name Payee.	T	169	112	支払先名称	UN01005759			
/rsm:CrossIndustryInvoice/rsm:SupplyChainTradeTransaction/ram:ApplicableHeaderTradeSettlement/ram:PayeeTradeParty/ram:SpecifiedLegalOrganization	5	0..1							170	？					
/rsm:CrossIndustryInvoice/rsm:SupplyChainTradeTransaction/ram:ApplicableHeaderTradeSettlement/ram:PayeeTradeParty/ram:SpecifiedLegalOrganization/ram:ID	6	0..1	BT-61	2	0..1	Payee legal registration identifier	An identifier issued by an official registrar that identifies the Payee as a legal entity or person.	I	171	？					
/rsm:CrossIndustryInvoice/rsm:SupplyChainTradeTransaction/ram:ApplicableHeaderTradeSettlement/ram:PayeeTradeParty/ram:SpecifiedLegalOrganization/ram:ID/@schemeID	7		BT-611	3	0..1	Payee legal registration identifier identification  scheme identifier	The identification scheme identifier of the Payee legal registration identifier.	S	172	？					
/rsm:CrossIndustryInvoice/rsm:SupplyChainTradeTransaction/ram:ApplicableHeaderTradeSettlement/ram:SpecifiedTradeSettlementPaymentMeans	4	0..n	BG-16	1	0..1	PAYMENT INSTRUCTIONS	A group of business terms providing information about the payment.		173	127	支払手段クラス	UN01005923			
/rsm:CrossIndustryInvoice/rsm:SupplyChainTradeTransaction/ram:ApplicableHeaderTradeSettlement/ram:SpecifiedTradeSettlementPaymentMeans/ram:TypeCode	5	0..1	BT-81	2	1..1	Payment means type code	The means, expressed as code, for how a payment is expected to be or has been settled.	C	174	129	支払手段タイプコード	UN01005672			
/rsm:CrossIndustryInvoice/rsm:SupplyChainTradeTransaction/ram:ApplicableHeaderTradeSettlement/ram:SpecifiedTradeSettlementPaymentMeans/ram:Information	5	0..n	BT-82	2	0..1	Payment means text	The means, expressed as text, for how a payment is expected to be or has been settled.	T	175	130	支払手段名	UN01011456			
/rsm:CrossIndustryInvoice/rsm:SupplyChainTradeTransaction/ram:ApplicableHeaderTradeSettlement/ram:SpecifiedTradeSettlementPaymentMeans/ram:ApplicableTradeSettlementFinancialCard	5	0..1	BG-18	2	0..1	PAYMENT CARD INFORMATION	A group of business terms providing information about card used for payment contemporaneous with invoice issuance.		176	×					
/rsm:CrossIndustryInvoice/rsm:SupplyChainTradeTransaction/ram:ApplicableHeaderTradeSettlement/ram:SpecifiedTradeSettlementPaymentMeans/ram:ApplicableTradeSettlementFinancialCard/ram:ID	6	0..1	BT-87	3	1..1	Payment card primary account number	The Primary Account Number (PAN) of the card used for payment.	T	177	×					
/rsm:CrossIndustryInvoice/rsm:SupplyChainTradeTransaction/ram:ApplicableHeaderTradeSettlement/ram:SpecifiedTradeSettlementPaymentMeans/ram:ApplicableTradeSettlementFinancialCard/ram:CardholderName	6	0..1	BT-88	3	0..1	Payment card holder name	The name of the payment card holder.	T	178	×					
/rsm:CrossIndustryInvoice/rsm:SupplyChainTradeTransaction/ram:ApplicableHeaderTradeSettlement/ram:SpecifiedTradeSettlementPaymentMeans/ram:PayerPartyDebtorFinancialAccount	5	0..1							179						
/rsm:CrossIndustryInvoice/rsm:SupplyChainTradeTransaction/ram:ApplicableHeaderTradeSettlement/ram:SpecifiedTradeSettlementPaymentMeans/ram:PayerPartyDebtorFinancialAccount/ram:IBANID	6	0..1	BT-91	3	0..1	Debited account identifier	The account to be debited by the direct debit.	I	180						
/rsm:CrossIndustryInvoice/rsm:SupplyChainTradeTransaction/ram:ApplicableHeaderTradeSettlement/ram:SpecifiedTradeSettlementPaymentMeans/ram:PayeePartyCreditorFinancialAccount	5	0..1	BG-17	2	0..n	CREDIT TRANSFER	A group of business terms to specify credit transfer payments.		181	131	金融口座クラス	UN01005677			
/rsm:CrossIndustryInvoice/rsm:SupplyChainTradeTransaction/ram:ApplicableHeaderTradeSettlement/ram:SpecifiedTradeSettlementPaymentMeans/ram:PayeePartyCreditorFinancialAccount/ram:IBANID	6	0..1	BT-84	3	1..1	Payment account identifier	A unique identifier of the financial payment account, at a payment service provider, to which payment should be made.	I	182	134	口座番号	UN01005401			
/rsm:CrossIndustryInvoice/rsm:SupplyChainTradeTransaction/ram:ApplicableHeaderTradeSettlement/ram:SpecifIedTradeSettlementPaymentMeans/ram:PayeePartyCreditorFinancialAccount/ramiAccountName	6	0..1	BT-85	3	0..1	Payment account name	The name of the payment account, at a payment service provider, to which payment should be made.	T	183	133	口座名義	UN01005400			
/rsm:CrossIndustryInvoice/rsm:SupplyChainTradeTransaction/ram:ApplicableHeaderTradeSettlement/ram:SpecifiedTradeSettlementPaymentMeans/ram:PayeePartyCreditorFinancialAccount/ram:TypeCode	6	0..1	BT-84	3	1..1	Payment account identifier	A unique identifier of the financial payment account, at a payment service provider, to which payment should be made.   	I	184	135	口座種別コード	UN01012127			
/rsm:CrossIndustryInvoice/rsm:SupplyChainTradeTransaction/ram:ApplicableHeaderTradeSettlement/ram:SpecifiedTradeSettlementPaymentMeans/ram:PayerSpecifiedDebtorFinanciallnstitution	5	0..1							185						
/rsm:CrossIndustryInvoice/rsm:SupplyChainTradeTransaction/ram:ApplicableHeaderTradeSettlement/ram:SpecifiedTradeSettlementPaymentMeans/ram:PayerSpecifiedDebtorFinancialInstitution/ram:BICID	6	0..1	BT-86	3	0..1	Payment service provider identifier	An identifier for the payment service provider where a payment account is located.	I	186						
/rsm:CrossIndustryInvoice/rsm:SupplyChainTradeTransaction/ram:ApplicableHeaderTradeSettlement/ram:SpecifiedTradeSettlementPaymentMeans/ram:PayeeSpecifiedCreditorFinanciallnstitution	5	0..1							187	136	金融機関クラス	UN01005428			
/rsm:CrossIndustryInvoice/rsm:SupplyChainTradeTransaction/ram:ApplicableHeaderTradeSettlement/ram:SpecifiedTradeSettlementPaymentMeans/ram:PayeeSpecifiedCreditorFinancialInstitution/ram:BICID	6	0..1	BT-86	3	0..1	Payment service provider identifier	An identifier for the payment service provider where a payment account is located.	I	188	139	金融機関番号	UN01011521			
/rsm:CrossIndustryInvoice/rsm:SupplyChainTradeTransaction/ram:ApplicableHeaderTradeSettlement/ram:ApplicableTradeTax	4	１..n	BG-23	1	l..n	VAT BREAKDOWN	A group of business terms providing information about VAT breakdown by different categories, rates and exemption reasons		189	144	取引税クラス	UN01005924			
/rsm:CrossIndustryInvoice/rsm:SupplyChainTradeTransaction/ram:ApplicableHeaderTradeSettlement/ram:ApplicableTradeTax/ram:CalculatedAmount	5	1..1	BT-117	2	1..1	VAT category tax amount	The total VAT amount for a given VAT category.	A	190	146	税額	UN01005833		◎	
/rsm:CrossIndustryInvoice/rsm:SuppIyChainTradeTransaction/ram:ApplicableHeaderTradeSettlement/ram:ApplicableTradeTax/ram:TypeCode	5	0..1	BT-118	2	1..1	VAT category code	Coded identification of a VAT category.	C	191	147	税タイプコード	UN01005834			
/rsm:CrossIndustryInvoice/rsm:SupplyChainTradeTransaction/ram:ApplicableHeaderTradeSettlement/ram:ApplicableTradeTax/ram:ExemptionReason	5	0..1	BT-120	2	0..1	VAT exemption reason text	A textual statement of the reason why the amount is exempted from VAT or why no VAT is being charged	T	192	？					
/rsm:CrossIndustryInvoice/rsm:SupplyChainTradeTransaction/ram:ApplicableHeaderTradeSettlement/ram:ApplicableTradeTax/ram:BasisAmount	5	1..1	BT-116	2	1..1	VAT category taxable amount	Sum of all taxable amounts subject to a specific VAT category code and VAT category rate (if the VAT category rate is applicable).	A	193	148	課税対象総合計金額（税抜き）	UN01005839		◎	
/rsm:CrossIndustryInvoice/rsm:SuppIyChainTradeTransaction/ram:ApplicableHeaderTradeSettlement/ram:ApplicableTradeTax/ram:CategoryCode	5	1..1	BT-118	2	1..1	VAT category code	Coded identification of a VAT category.	C	194	149	税区分コード	UN01005841		◎	
/rsm:CrossIndustryInvoice/rsm:SupplyChainTradeTransaction/ram:ApplicableHeaderTradeSettlement/ram:ApplicableTradeTax/ram:ExemptionReasonCode	5	0..1	BT-121	2	0..1	VAT  exemption reason code	A coded statement of the reason for why the amount is exempted from VAT.	C	195	?					
/rsm:CrossIndustryInvoice/rsm:SupplyChainTradeTransaction/ram:ApplicableHeaderTradeSettlement/ram:ApplicableTradeTax/ram:TaxPointDate	5	0..1							196	?					
/rsm:CrossIndustryInvoice/rsm:SupplyChainTradeTransaction/ram:ApplicableHeaderTradeSettlement/ram:ApplicableTradeTax/ram:TaxPointDate/udt:DateString	6	1..1	BT-7	1	0..1	Value added tax point date	The date when the VAT becomes accountable for the Seller and for the Buyer in so far as that date can be determined and differs from the date of issue of the invoice, according to the VAT directive…	D	197	?					
/rsm:CrossIndustryInvoice/rsm:SupplyChainTradeTransaction/ram:ApplicableHeaderTradeSettlement/ram:ApplicableTradeTax/ram:TaxPointDate/udt:DateString/@format	7		BT-7	1	0..1	Value added tax point date	The date when the VAT becomes accountable for the Seller and for the Buyer in so far as that date can be determined and differs from the date of issue of the invoice, according to the VAT directive..	D	198	?					
/rsm:CrossIndustryInvoice/rsm:SupplyChainTradeTransaction/ram:ApplicableHeaderTradeSettlement/ram:ApplicableTradeTax/ram:DueDateTypeCode	5	0..1	BT-8	1	0..1	Value added tax point date code	The code of the date when the VAT becomes accountable for the Seller and for the Buyer.   	C	199	?					
/rsm:CrossIndustryInvoice/rsm:SupplyChainTradeTransaction/ram:ApplicableHeaderTradeSettlement/ram:ApplicableTradeTax/ram:RateApplicablePercent	5	1..1	BT-119	2	0..1	VAT category rate	The VAT rate, represented as percentage that applies for the relevant VAT category.	P	200	151	税率	UN01007174		◎	
/rsm:CrossIndustryInvoice/rsm:SupplyChainTradeTransaction/ram:ApplicableHeaderTradeSettlement/ram:ApplicableTradeTax/ram:Grand Total. Amount	5	1..1							201	152	課税対象総合計金額(税込み)	UN01013040		◎	
/rsm:CrossIndustryInvoice/rsm:SupplyChainTradeTransaction/ram:ApplicableHeaderTradeSettlement/ram:ApplicableTradeTax/ram: Calculation Method.Code	5	1..1							202	153	税計算方式	UN01013096	●		
/rsm:CrossIndustiyInvoice/rsm:SupplyChainTradeTransaction/ram:ApplicableHeaderTradeSettlement/ram:BillingSpecifiedPeriod	4	0..1	BG-14	2	0..1	DELIVERY OR INVOICE PERIOD	A group of business terms providing information on the invoice period.		203	168	請求期間クラス	UN01005925			
/rsm:CrossIndustryInvoice/rsm:SupplyChainTradeTransaction/ram:ApplicableHeaderTradeSettlement/ram:BillingSpecifiedPeriod/ram:StartDateTime	5	0..1							204	170	請求開始日	UN01005612	〇		
/rsm:CrossIndustryInvoice/rsm:SupplyChainTradeTransaction/ram:ApplicableHeaderTradeSettlement/ram:BillingSpecifiedPeriod/ram:StartDateTime/udt:DateTimeString	6	1..1	BT-73	3	0..1	Invoicing period start date	The date when the Invoice period starts.	D	205	？			〇		
/rsm:CrossIndustryInvoice/rsm:SupplyChainTradeTransaction/ram:ApplicableHeaderTradeSettlement/ram:BillingSpecifiedPeriod/ram:StartDateTime/udt:DateTimeString/@format	7		BT-73	3	0..1	Invoicing period start date	The date when the Invoice period starts.	D	206	？					
/rsm:CrossIndustryInvoice/rsm:SupplyChainTradeTransaction/ram:ApplicableHeaderTradeSettlement/ram:BillingSpecifiedPeriod/ram:EndDateTime	5	0..1							207	171	請求終了日	UN01005613			
/rsm:CrossIndustryInvoice/rsm:SupplyChainTradeTransaction/ram:ApplicableHeaderTradeSettlement/ram:BillingSpecifiedPeriod/ram:EndDateTime/udt:DateTimeString	6	1..1	BT-74	3	0..1	Invoicing period end date	The date when the Invoice period ends.	D	208	？					
/rsm:CrossIndustryInvoice/rsm:SupplyChainTradeTransaction/ram:ApplicableHeaderTradeSettlement/ram:BillingSpecifiedPeriod/ram:EndDateTime/udt:DateTimeString/@format	7		BT-74	3	0..1	Invoicing period end date	The date when the Invoice period ends.	D	209	？					
/rsm:CrossIndustryInvoice/rsm:SupplyChainTradeTransaction/ram:ApplicableHeaderTradeSettlement/ram:SpecifiedTradeAllowanceCharge	4	0..n	BG-20	1	0..n	DOCUMENT LEVEL ALLOWA NCES	A group of business terms providing information about allowances applicable to the Invoice as a whole.		210	？					
/rsm:CrossIndustryInvoice/rsm:SupplyChainTradeTransaction/ram:ApplicableHeaderTradeSettlement/ram:SpecifiedTradeAIlowanceCharge	4	0..n	BG-21	1	0..n	DOCUMENT LEVEL CHARGES	A group of business terms providing information about charges and taxes other than VAT, applicable to the Invoice as a whole.		211	？					
/rsm:CrossIndustryInvoice/rsm:SupplyChainTradeTransaction/ram:ApplicableHeaderTradeSettlement/ram:SpecifiedTradeAllowanceCharge/ram:ChargeIndicator	5	0..1							212	？					
/rsm:CrossIndustryInvoice/rsm:SupplyChainTradeTransaction/ram:ApplicableHeaderTradeSettlement/ram:SpecifiedTradeAllowanceCharge/ram:ChargeIndicator/udt:Indicator	6	1..1							213	？					
/rsm:CrossIndustryInvoice/rsm:SupplyChainTradeTransaction/ram:ApplicableHeaderTradeSettlement/ram:SpecifiedTradeAllowanceCharge/ram:CalculationPercent	5	0..1	BT-94	2	0..1	Document level allowance  percentage	The percentage that may be used, in conjunction with the document level allowance base amount, to calculate the document level allowance amount.	P	214	？					
/rsm:CrossIndustryInvoice/rsm:SupplyChainTradeTransaction/ram:ApplicableHeaderTradeSettlement/ram:SpecifiedTradeAllowanceCharge/ram:CalculationPercent	5	0..1	BT-101	2	0..1	Document level charge  percentage	The percentage that may be used, in conjunction with the document level charge base amount, to calculate the document level charge amount.	P	215	？					
/rsm:CrossIndustrylnvoice/rsm:SupplyChainTradeTransaction/ram:ApplicableHeaderTradeSettlement/ram:SpecifiedTradeAllowanceCharge/ram:BasisAmount	5	0..1	BT-93	2	0..1	Document level allowance base amount	The base amount that may be used, in conjunction with the document level allowance percentage, to calculate the document level allowance amount.	A	216	？					
/rsm:CrossIndustryInvoice/rsm:SupplyChainTradeTransaction/ram:ApplicableHeaderTradeSettlement/rarn:SpecifiedTradeAllowanceCharge/ram:BasisAmount	5	0..1	BT-100	2	0..1	Document level charge base amount	The base amount that may be used, in conjunction with the document level charge percentage, to calculate the document level charge amount.	A	217	？					
/rsm:CrossIndustryInvoice/rsm:SupplyChainTradeTransaction/ram:ApplicableHeaderTradeSettlement/ram:SpecifiedTradeAllowanceCharge/ram:ActualAmount	5	0..n	BT-92	2	1..1	Document level allowance amount	The amount of an allowance, without VAT.	A	218	↓					
/rsm:CrossIndustryInvoice/rsm:SupplyChainTradeTransaction/ram:AppIicableHeaderTradeSettlement/ram:SpecifiedTradeAllowanceCharge/ram:ActualAmount	5	0..n	BT-99	2	1..1	Document level charge amount	The amount of a charge, without VAT.	A	219	？					
/rsm:CrossIndustryInvoice/rsm:SupplyChainTradeTransaction/ram:ApplicableHeaderTradeSettlement/ram:SpecifiedTradeAllowanceCharge/ram:ReasonCode	5	0..1	BT-98	2	0..1	Document level allowance reason code Document level allowance reason code	The reason for the document level allowance, expressed as a code. The reason for the document level allowance, expressed as a code.	C	220	？					
/rsm:CrossIndustryInvoice/rsm:SupplyChainTradeTransaction/ram:ApplicableHeaderTradeSettlement/ram:SpecifiedTradeAllowanceCharge/ram:ReasonCode	5	0..1	BT-105	2	0..1	Document level charge reason code	The reason for the document level charge, expressed as a code.	C	221	？					
/rsm:CrossIndustryInvoice/rsm:SupplyChainTradeTransaction/ram:ApplicableHeadeiTradeSettlement/ram:SpecifiedTradeAllowanceCharge/ram:Reason	5	0..1	BT-97	2	0..1	Document level allowance reason	The reason for the document level allowance, expressed as text.	T	222	？					
/rsm:CrossIndustryInvoice/rsm:SupplyChainTradeTransaction/ram:ApplicableHeaderTradeSettlement/ram:SpecifiedTradeAllowanceCharge/ram:Reason	5	0..1	BT-104	2	0..1	Document level charge reason	The reason for the document level charge, expressed as text.	T	223	？					
/rsm:CrossIndustryInvoice/rsm:SupplyChainTradeTransaction/ram:ApplicableHeaderTradeSettlement/ram:SpecifiedTradeAllowanceCharge/ram:CategoryTradeTax	5	0..n							224	？					
/rsm:CrossIndustryInvoice/rsm:SupplyChainTradeTransaction/ram:ApplicableHeaderTradeSettlement/ram:SpecifiedTradeAllowanceCharge/ram:CategoryTradeTax/ram:TypeCode	6	0..1	BT-95	2	1..1	Document level allowance VAT category code	A coded identification of what VAT category applies to the document level allowance.	C	225	？					
/rsm:CrossIndustryInvoice/rsm:SupplyChainTradeTransaction/ram:ApplicableHeaderTradeSettlement/ram:SpecifiedTradeAllowanceCharge/ram:CategoryTradeTax/ram:TypeCode	6	0..1	BT-102	2	1..1	Document level charge VAT category code	A coded identification of what VAT category applies to the document level charge.	C	226	？					
/rsm:CrossIndustryInvoice/rsm:SupplyChainTradeTransaction/ram:ApplicableHeaderTradeSettlement/ram:SpecifiedTradeAllowanceCharge/ram:CategoryTradeTax/ram:CategoryCode	6	0..1	BT-95	2	1..1	Document level allowance VAT category code	A coded identification of what VAT category applies to the document level allowance.	C	227	？					
/rsm:CrossIndustryInvoice/rsm:SupplyChainTradeTransaction/ram:ApplicableHeaderTradeSettlement/ram:SpecifiedTradeAllowanceCharge/ram:CategoryTradeTax/ram:CategoryCode	6	0..1	BT-102	2	1..1	Document level charge VAT category code	A coded identification of what VAT category applies to the document level charge.	C	228	？					
/rsm:CrossIndustryInvoice/rsm:SupplyChainTradeTransaction/ram:ApplicableHeaderTradeSettlement/ram:SpecifiedTradeAllowanceCharge/ram:CategoryTradeTax/ram:RateApplicablePercent	6	0..1	BT-96	2	0..1	Document level allowance VAT rate	The VAT rate, represented as percentage that applies to the document level allowance.	P	229	？					
/rsm:CrossIndustryInvoice/rsm:SupplyChainTradeTransaction/ram:ApplicableHeaderTradeSettlement/ram:SpecifiedTradeAllowanceCharge/ram:CategoryTradeTax/ram:RateApplicablePercent	6	0..1	BT-103	2	0..1	Document level charge VAT rate	The VAT represented percentage applies to the document level charge.	P	230	？					
/rsm:CrossIndustryInvoice/rsm:SupplyChainTradeTransaction/ram:ApplicableHeaderTradeSettlement/ram:SperifIedTradePaymentTerms	4	0..1							231	154	支払条件クラス	UN01005929			
/rsm:CrossIndustryInvoice/rsm:SupplyChainTradeTransaction/ram:ApplicableHeaderTradeSettlement/ram:SpecifiedTradePaymentTerms/ram:Description	5	0..1	BT-20	1	0..1	Payment terms	A textual description of the payment terms that apply to the amount due for payment (Including description of possible penalties).   	T	232	156	支払条件説明	UN01005783			
/rsm:CrossIndustryInvoice/rsm:SupplyChainTradeTransaction/ram:ApplicableHeaderTradeSettlement/ram:SpecifiedTradePaymentTerms/ram:DueDateDateTime	5	0..1							233	157	支払期日	UN01005784			
/rsm:CrossIndustryInvoice/rsm:SupplyChainTradeTransaction/ram:ApplicableHeaderTradeSettlement/ram:SpecifiedTradePaymentTerms/ram:DueDateDateTime/udt:DateTimeString	6		BT-9	1	0..1	Payment due date	The date when the payment is due.	D	234	？					
/rsm:CrossIndustryInvoice/rsm:SupplyChainTradeTransaction/ram:ApplicableHeaderTradeSettlement/ram:SpecifiedTradePaymentTerms/ram:DueDateDateTime/udt:DateTimeString/@format	7		BT-9	1	0..1	Payment due date	The date when the payment is due.	D	235	？					
/rsm:CrossIndustryInvoice/rsm:SupplyChainTradeTransaction/ram:ApplicableHeaderTradeSettlement/ram:SpecifiedTradePaymentTerms/ram:DirectDebitMandateID	5		BT-89	3	0..1	Mandate reference identifier	Unique identifier assigned by the Payee for referencing the direct debit mandate.	I	236	？					
/rsm:CrossIndustryInvoice/rsm:SupplyChainTradeTransaction/ram:ApplicableHeaderTradeSettlement/ram:SpecifiedTradeSettlementHeaderMonetarySummation	4	0..1	BG-22	1	1..1	DOCUMENT TOTALS	A group of business terms providing the monetary totals for the Invoice.		237	159	請求書合計金額クラス	UN01005930			
/rsm:CrossIndustryInvoice/rsm:SupplyChainTradeTransaction/ram:ApplicableHeaderTradeSettlement/ram:SpecifiedTradeSettlementHeaderMonetarySummation/ram:LineTotalAmount	5	0..1	BT-106	2	1..1	Sum of Invoice line net amount	Sum of all Invoice line net amounts in the Invoice.	A	238	164	請求書合計金額(税抜き)	UN01008451			
/rsm:CrossIndustryInvoice/rsm:SupplyChainTradeTransaction/ram:ApplicableHeaderTradeSettlement/ram:SpecifiedTradeSettlementHeaderMonetarySummation/ram:ChargeTotalAmount	5	0..1	BT-108	2	0..1	Sum of charges on document level	Sum of all charges on document level in the Invoice.	A	239	？					
/rsm:CrossIndustryInvoice/rsm:SupplyChainTradeTransaction/ram:ApplicableHeaderTradeSettlement/ram:SpecifiedTradeSettlementHeaderMonetarySummation/ram:AllowanceTotalAmount	5	0..1	BT-107	2	0..1	Sum of allowance s on document level	Sum of allowances document level the Invoice.	A	240	？					
/rsm:CrossIndustryInvoice/rsm:SupplyChainTradeTransaction/ram:ApplicableHeaderTradeSettlement/ram:SpecifiedTradeSettlementHeaderMonetarySummation/ram Allowance Chargel:TotalAmount	5	0..1							241	163	調整合計金額	UN01005952			
/rsm:CrossIndustryInvoice/rsm:SupplyChainTradeTransaction/ram:ApplicableHeaderTradeSettlement/ram:SpecifiedTradeSettlementHeaderMonetarySummation/ram:TaxBasisTotalAmount	5	0..1	BT-109	2	1..1	Invoice total amount without VAT	The total amount of the Invoice without VAT.	A	242	？					
/rsm:CrossIndustryInvoice/rsm:SupplyChainTradeTransaction/ram:ApplicableHeaderTradeSettlement/ramrSpecifiedTradeSettlementHeaderMonetarySummation/ram:TaxTotalAmount	5	0..1	BT-110	2	0..1	Invoice total VAT amount	The total VAT amount for the Invoice.	A	243	161	請求書合計税額	UN01005946	〇		
/rsm:CrossIndustryInvoice/rsm:SupplyChainTradeTransaction/ram:ApplicableHeaderTradeSettlement/ram:SpecifiedTradeSettlementHeaderMonetarySummation/ram:TaxTotalAmount	5	0..n	BT-111	2	0..1	Invoice total VAT amount in accounting  currency	The VAT total amount expressed in the accounting currency accepted or required in the country of the Seller.	A	244	？					
/rsm:CrossIndustryInvoice/rsm:SupplyChainTradeTransaction/ram:ApplicableHeaderTradeSettlement/ram:SpecifiedTradeSettlementHeaderMonetarySummation/ram:TaxTotalAmount/@currencyID	6								245	？					
/rsm:CrossIndustryInvoice/rsm:SupplyChainTradeTransaction/ram:ApplicableHeaderTradeSettlement/ram:SpecifiedTradeSettlementHeaderMonetarySummation/ram:TaxTotalAmount/@currencyID	6								246	？					
/rsm:CrossIndustryInvoice/rsm:SupplyChainTradeTransaction/ram:ApplicableHeaderTradeSettlement/ramrSpecifiedTradeSettlementHeaderMonetarySummation/ram: Including Taxes_ Line TotalAmount	5								247	165	請求書合計金額(税込み)	UN01013091			
/rsm:CrossIndustryInvoice/rsm:SupplyChainTradeTransaction/ram:ApplicableHeaderTradeSettlement/ram:SpecifiedTradeSettlementHeaderMonetarySummation/ram:RoundingAmount	5	0..1	BT-114	2	0..1	Rounding amount	The amount to be added to the invoice total to round the amount to be paid.	A	248	×					
/rsm:CrossIndustryInvoice/rsm:SupplyChainTradeTransaction/ram:ApplicableHeaderTradeSettlement/ram:SpecifiedTradeSettlementHeaderMonetarySummation/ram:GrandTotalAmount	5	0..1	BT-112	2	1..1	Invoice total amount with VAT	The total amount of the Invoice with VAT.	A	249	162	請求書総合計金額	UN01005948	〇		
/rsm:CrossIndustryInvoice/rsm:SupplyChainTradeTransaction/ram:ApplicableHeaderTradeSettlement/ram:SpecifiedTradeSettlementHeaderMonetarySummation/ram:TotalPrepaidAmount	5	0..1	BT-113	2	0..1	Paid amount	The sum of amounts which have been paid in advance.	A	250	×					
/rsm:CrossIndustryInvoice/rsm:SupplyChainTradeTransaction/ram:ApplicableHeaderTradeSettlement/ram:SpecifiedTradeSettlementHeaderMonetarySummation/ram:DuePayableAmount	5	0..1	BT-115	2	1..1	Amount due for payment	The outstanding amount that is requested to be paid.	A	251	×					
/rsm:CrossIndustryInvoice/rsm:SupplyChainTradeTransaction/ram:ApplicableHeaderTradeSettlement/ram:SpecifiedTradeSettlementHeaderMonetarySummation/ram:Last BilledAmount	5	0..1							252	166	前回請求金額	JPS2000162			
/rsm:CrossIndustryInvoice/rsm:SupplyChainTradeTransaction/ram:ApplicableHeaderTradeSettlement/ram:SpecifiedTradeSettlementHeaderMonetarySummation/ram:Last PaymentAmount	5	0..1							253	167	前回入金額	JPS2000163			
/rsm:CrossIndustryInvoice/rsm:SupplyChainTradeTransaction/ram:ApplicableHeaderTradeSettlement/ram:InvoiceReferencedDocument	4	0..1	BG-3	1	0..n	PRECEDING INVOICE REFERENCE	A group of business terms providing information on one or more preceding Invoices.		254	↓？					
/rsm:CrossIndustryInvoice/rsm:SupplyChainTradeTransaction/ram:ApplicableHeaderTradeSettlement/ram:InvoiceReferencedDocument/ram:IssuerAssignedID	5	0..1	BT-25	2	1..1	Preceding Invoice number	The identification of an Invoice that was previously sent by the Seller.	0	255	？					
/rsm:CrossIndustryInvoice/rsm:SupplyChainTradeTransaction/ram:ApplicableHeaderTradeSettlement/ram:InvoiceReferencedDocument/ram:FormattedIssueDateTime	5	0..1							256	？					
/rsm:CrossIndustryInvoice/rsm:SupplyChainTradeTransaction/ram:ApplicableHeaderTradeSettlement/ram:InvoiceReferencedDocument/ram:FormattedIssueDateTime/qdt:DateTimeString	6	1..1	BT-26	2	0..1	Preceding Invoice issue date	The date when the Preceding Invoice was issued.	D	257	？					
/rsm:CrossIndustryInvoice/rsm:SupplyChainTradeTransaction/ram:ApplicableHeaderTradeSettlement/ram:InvoiceReferencedDocument/ram:FormattedIssueDateTime/qdt:DateTimeString/@format	7		BT-26	2	0..1	Preceding Invoice issue date	The date when the Preceding Invoice was issued.	D	258	？					
/rsm:CrossIndustryInvoice/rsm:SupplyChainTradeTransaction/ram:ApplicableHeaderTradeSettIement/ram:ReceivableSpecifiedTradeAccountingAccount	4	0..n							259	？					
/rsm:CrossIndustryInvoice/rsm:SupplyChainTradeTransaction/ram:ApplicableHeaderTradeSettlement/ram:ReceivableSpecifiedTradeAccountingAccount/ram:ID	5	1..1	BT-19	1	0..1	Buyer accounting reference	A textual value that specifies where to book the relevant data into the Buyer's financial accounts.	T	260	？					
/rsm:CrossIndustryInvoice/rsm:SupplyChainTradeTransaction/ram:IncludedSupplyChainTradeLineltem	3	1..n	BG-25	1	l..n	INVOICE LINE	A group of business terms providing information on individual Invoice lines.		261	172	明細請求書クラス	UN01005940			
/rsm:CrossIndustryInvoice/rsm:SupplyChainTradeTransaction/ram:IncludedSupplyChainTradeLineItem/ram:AssociatedDocumentLineDocument	4	1..1							262	174	明細請求書文書クラス	UN01005989			
/rsm:CrossIndustryInvoice/rsm:SupplyChainTradeTransaction/ram:IncludedSupplyChainTradeLineItem/ram:AssociatedDocumentLineDocument/ram:LineID	5	1..1	BT-126	2	1..1	Invoice line identifier	A unique identifier for the individual line within the Invoice.	I	263	176	明細請求書番号	UN01005954	〇		□
/rsm:CrossIndustryInvoice/rsm:SupplyChainTradeTransaction/ram:IncludedSupplyChainTradeLineItem/ram:AssociatedDocumentLineDocument/ram:CategoryCode	5	1..1							264	177	明細請求書文書類型コード	JPS2000148			□
/rsm:CrossIndustryInvoice/rsm:SupplyChainTradeTransaction/ram:IncludedSupplyChainTradeLineItem/ram:AssociatedDocumentLineDocument/ram:IncludedNote	5	0..n							265	178	明細請求書注釈クラス	UN01005957			
/rsm:CrossIndustryInvoice/rsm:SupplyChainTradeTransaction/ram:IncludedSupplyChainTradeLineItem/ram:AssociatedDocumentLineDocument/ram:IncludedNote/ram:Content	6	0..n	BT-127	2	0..1	Invoice line note	A textual note that gives unstructured information that is relevant to the Invoice line.	T	266	181	明細請求書注釈内容	UN01005560			
/rsm:CrossIndustryInvoice/rsm:SupplyChainTradeTransaction/ram:IncludedSupplyChainTradeLineItem/ram:SpecifiedTradeProduct	4	0..1	BG-31	2	1..1	ITEM INFORMATION	A group of business terms providing information about the goods and services invoiced.		267	↓					
/rsm:CrossIndustryInvoice/rsm:SupplyChainTradeTransaction/ram:IncludedSupplyChainTradeLineItem/ram:SpecifiedTradeProduct/ram:GlobalID	5	0..1	BT-157	3	0..1	Item standard identifier	An item identifier based on a registered scheme.	I	268	↓					
/rsm:CrossIndustryInvoice/rsm:SupplyChainTradeTransaction/ram:IncludedSupplyChainTradeLineItem/ram:SpecifiedTradeProduct/ram:GlobalID/@schemeID	6		BT-157-1	4	1..1	Item standard identifier identification scheme  identifier	The identification scheme identifier of the Item standard identifier   	S	269	？					
/rsm:CrossIndustryInvoice/rsm:SupplyChainTradeTransaction/ram:IncludedSupplyChainTradeLineItem/ram:SpecifiedTradeProduct/ram:SellerAssignedID	5	0..1	BT-155	3	0..1	Item Seller's identifier	An identifier, assigned by the Seller, for the item.	I	270	？					
/rsm:CrossIndustryInvoice/rsm:SupplyChainTradeTransaction/ram:IncludedSupplyChainTradeLineItem/ram:SpecifiedTradeProduct/ram:BuyerAssignedID	5	0..1	BT-156	3	0..1	Item Buyer's identifier	An identifier, assigned by the Buyer, for the item.	I	271	↓					
/rsm:CrossIndustryInvoice/rsm:SupplyChainTradeTransaction/ram:IncludedSupplyChainTradeLineItem/ram:SpecifiedTradeProduct/ram:Name	5	0..n	BT-153	3	1..1	Item name	A name for an item.	T	272	↓					
/rsm:CrossIndustiyInvoice/rsm:SupplyChainTradeTransaction/ram:IncludedSupplyChainTradeLineItem/ram:SpecifiedTradeProduct/ram:Description	5	0..1	BT-154	3	0..1	Item description	A description for an item.	T	273	↓					
/rsm:CrossIndustryInvoice/rsm:SupplyChainTradeTransaction/ram:IncludedSupplyChainTradeLineItem/ram:SpecifiedTradeProduct/ram:ApplicableProductCharacteristic	5	0..n	BG-32	3	0..n	ITEM ATTRIBUTES	A group of business terms providing information about properties of the goods and services invoiced.		274	？					
/rsm:CrossIndustryInvoice/rsm:SupplyChainTradeTransaction/ram:IncludedSupplyChainTradeLineItem/ram:SpecifiedTradeProduct/ram:ApplicableProductCharacteristic/ram:Description	6	0..n	BT-160	4	1..1	Item attribute name	The name of the attribute or property of the item.	T	275	？					
/rsm:CrossIndustryInvoice/rsm:SupplyChainTradeTransaction/ram:IncludedSupplyChainTradeLineItem/ram:SpecifiedTradeProduct/ram:Applicab]eProductCharacteristic/ram:Value	6	0..n	BT-161	4	1..1	Item attribute value	The value of the attribute or property of the item.	T	276	？					
/rsm:CrossIndustryInvoice/rsm:SuppIyChainTradeTransaction/ram:IncludedSupplyChainTradeLineItem/ram:SpecifiedTradeProduct/ram:DesignatedProductClassification	5	0..n							277	？					
/rsm:CrossIndustryInvoice/rsm:SupplyChainTradeTransaction/ram:IncludedSupplyChainTradeLineItem/ram:SpecifiedTradeProduct/ram:DesignatedProductClassification/ram:ClassCode	6	0..1	BT-158	3	0..n	Item classificati on identifier	A code for classifying the item by its type or nature.	I	278	？					
/rsm:CrossIndustryInvoice/rsm:SupplyChainTradeTransaction/ram:IncludedSupplyChainTradeLineItem/ram:SpecifiedTradeProduct/ram:DesignatedProductClassification/ram:ClassCode/@listID	7		BT-158-1	4	1..1	Item classificati on identifier identification  scheme identifier	The identification scheme identifier of the Item classification identifier	S	279	？					
/rsm:CrossIndustryInvoice/rsm:SupplyChainTradeTransaction/ram:IncludedSupplyChainTradeLineItem/ram:SpecifiedTradeProduct/ram:DesignatedProductClassification/ram:ClassCode/@listVersionID	7		BT-158-2		0..1	Scheme version identifer	The version of identification scheme.	S	280	？					
/rsm:CrossIndustryInvoice/rsm:SupplyChainTradeTransaction/ram:IncludedSupplyChainTradeLineItem/ram:SpecifiedTradeProduct/ram:OriginTradeCountry	5	0..1							281	？					
/rsm:CrossIndustryInvoice/rsm:SupplyChainTradeTransaction/ram:IncludedSupplyChainTradeLineItem/ram:SperifiedTradeProduct/ram:OriginTradeCountry/ram:ID	6	0..1	BT-159	3	0..1	Item country of origin	The code identifying the country from which the item originates.	C	282	？					
/rsm:CrossIndustryInvoice/rsm:SupplyChainTradeTransaction/ram:IncludedSupplyChainTradeLineItem/ram:SpecifiedLineTradeAgreement	4	0..1	BG-29	2	1..1	PRICE DETAILS	A group of business terms providing information about the price applied for the goods and services invoiced on the Invoice line.		283	183	明細請求書契約クラス	UN01005990			
/rsm:CrossIndustryInvoice/rsm:SupplyChainTradeTransaction/ram:IncludedSupplyChainTradeLineItem/ram:SpecifiedLineTradeAgreement/ram:SellerOrderReferencedDocument	5	0..1							284	185	（参照）受注書クラス	UN01005960			
/rsm:CrossIndustryInvoice/rsm:SupplyChainTradeTransaction/ram:IncludedSupplyChainTradeLineItem/ram:SpecifiedLineTradeAgreement/ram:SellerOrderReferencedDocument/ram:ID	6	0..1							285	187	（参照）受注書番号	UN01005580			
/rsm:CrossIndustryInvoice/rsm:SupplyChainTradeTransaction/ram:IncludedSupplyChainTradeLineItem/ram:SpecifiedLineTradeAgreement/ram:SellerOrderReferencedDocument/ram:RevisionID	6	0..1							286	189	（参照）受注書履歴番号	UN01005588			
/rsm:CrossIndustryInvoice/rsm:SupplyChainTradeTransaction/ram:IncludedSupplyChainTradeLineItem/ram:SpecifiedLineTradeAgreement/ram:BuyerOrderReferencedDocument	5	0..1							287	191	（参照）注文書クラス	UN01005961			
/rsm:CrossIndustryInvoice/rsm:SupplyChainTradeTransaction/ram:IncludedSupplyChainTradeLineItem/ram:SpecifiedLineTradeAgreement/ram:BuyerOrderReferencedDocument/ram:LineID	6	0..1	BT-132	2	0..1	Reference d purchase order line reference	An identifier for a referenced line within a purchase order, issued by the Buyer.	0	288	↓					
/rsm:CrossIndustryInvoice/rsm:SupplyChainTradeTransaction/ram:IncludedSupplyChainTradeLineItem/ram:SpecifiedLineTradeAgreement/ram:BuyerOrderReferencedDocument/ram:ID	6	0..1							289	193	（参照）注文書番号	UN01005580			■
/rsm:CrossIndustryInvoice/rsm:SupplyChainTradeTransaction/ram:IncludedSupplyChainTradeLineItem/ram:SpecifiedLineTradeAgreement/ram:BuyerOrderReferencedDocument/ram:RevisionID	6	0..1							290	195	（参照）注文書履歴番号	UN01005588			■
/rsm:CrossIndustryInvoice/rsm:SupplyChainTradeTransaction/ram:IncludedSupplyChainTradeLineItem/ram:SpecifiedLineTradeAgreement/ram:GrossPriceProductTradePrice	5	0..1							291	？					
/rsm:CrossIndustryInvoice/rsm:SupplyChainTradeTransaction/ram:IncludedSupplyChainTradeLineItem/ram:SpecifiedLineTradeAgreement/ram:GrossPriceProductTradePrice/ram:ChargeAmount	6	l..n	BT-148	3	0..1	Item gross price	The unit price, exclusive of VAT, before subtracting Item price discount.	U	292	？					
/rsm:CrossIndustryInvoice/rsm:SupplyChainTradeTransaction/ram:IncludedSupplyChainTradeLineItem/ram:SpecifiedLineTradeAgreement/ram:GrossPriceProductTradePrice/ram:BasisQuantity	6	0..1	BT-149	3	0..1	Item price base quantity	The number of item units to which the price applies.	Q	293	？					
/rsm:CrossIndustryInvoice/rsm:SupplyChainTradeTransaction/ram:IncludedSupplyChainTradeLineItem/ram:SpecifiedLineTradeAgreement/ram:GrossPriceProductTradePrice/ram:BasisQuantity/@unitCode	7		BT-150	3	0..1	Item price base quantity unit of measure code	The unit of measure that applies to the Item price base quantity.	C	294	？					
/rsm:CrossIndustryInvoice/rsm:SupplyChainTradeTransaction/ram:IncludedSupplyChainTradeLineItem/ram:SpecifiedLineTradeAgreement/ram:GrossPriceProductTradePrice/ram:AppliedTradeAllowanceCharge	6	0..n							295	？					
/rsm:CrossIndustryInvoice/rsm:SupplyChainTradeTransaction/ram:IncludedSupplyChainTradeLineItem/ram:SpecifiedLineTradeAgreement/ram:GrossPriceProductTradePrice/ram:AppliedTradeAllowanceCharge/ram:ChargeIndicator	7	0..1							296	？					
/rsm:CrossIndustryInvoice/rsm:SupplyChainTradeTransaction/ram:IncludedSupplyChainTradeLineItem/ram:SpecifiedLineTradeAgreement/ram:GrossPriceProductTradePrice/ram:AppliedTradeAllowanceCharge/ram:ChargeIndicator/udt:Indicator	8	1..1							297	？					
/rsm:CrossIndustryInvoice/rsm:SupplyChainTradeTransaction/ram:IncludedSupplyChainTradeLineItem/ram:SpecifiedLineTradeAgreement/ram:GrossPriceProductTradePrice/ram:AppliedTradeAllowanceCharge/ram:ActualAmount	7	0..n	BT-147	3	0..1	Item price discount	The total discount subtracted from the Item gross price to calculate the Item net price.	U	298	？					
/rsm:CrossIndustryInvoice/rsm:SupplyChainTradeTransaction/ram:IncludedSupplyChainTradeLineItem/ram:SpecifiedLineTradeAgreement/ram:NetPriceProductTradePrice	5	0..1							299	↓					
/rsm:CrossIndustryInvoice/rsm:SupplyChainTradeTransaction/ram:IncludedSupplyChainTradeLineItem/ram:SpecifiedLineTradeAgreement/ram:NetPriceProductTradePrice/ram:ChargeAmount	6	l..n	BT-146	3	1..1	Item net price	The price of an item, exclusive of VAT, after subtracting item price discount.	U	300	↓					
/rsm:CrossIndustryInvoice/rsm:SupplyChainTradeTransaction/ram:IncludedSupplyChainTradeLineItem/ram:SpecifiedLineTradeAgreement/ram:NetPriceProductTradePrice/ram:BasisQuantity	6	0..1	BT-149	3	0..1	Item price base quantity	The number of item units to which the price applies.	Q	301	↓					
/rsm:CrossIndustryInvoice/rsm:SupplyChainTradeTransaction/ram:IncludedSupplyChainTradeLineItem/ram:SpecifiedLineTradeAgreement/ram:NetPriceProductTradePrice/ram:BasisQuantity/@unitCode	7								302	↓					
/rsm:CrossIndustryInvoice/rsm:SupplyChainTradeTransaction/ram:IncludedSupplyChainTradeLineItem/ram:SpecifiedLineTradeAgreement/ram:ContractReferencedDocument	5	0..1							303	197	（参照）契約文書クラス	UN01005963			
/rsm:CrossIndustryInvoice/rsm:SupplyChainTradeTransaction/ram:IncludedSupplyChainTradeLineItem/ram:SpecifiedLineTradeAgreement/ram:ContractReferencedDocument/ram:ID	6	0..1							304	199	（参照）契約文書番号	UN01005580			
/rsm:CrossIndustryInvoice/rsm:SupplyChainTradeTransaction/ram:IncludedSupplyChainTradeLineItem/ram:SpecifiedLineTradeAgreement/ram:ContractReferencedDocument/ram:RevisionID	6	0..1							305	201	（参照）契約文書履歴番号	UN01005588			
/rsm:CrossIndustryInvoice/rsm:SupplyChainTradeTransaction/ram:IncludedSupplyChainTradeLineItem/ram:SpecifiedLineTradeDelivery	4	0..1							306	204	明細請求書配送クラス	UN01005991			
/rsm:CrossIndustryInvoice/rsm:SupplyChainTradeTransaction/ram:IncludedSupplyChainTradeLineItem/ram:SpecifiedLineTradeDelivery/ram:ShipToTradeParty	5	0..1							307	206	納入先クラス	UN01005980			
/rsm:CrossIndustryInvoice/rsm:SupplyChainTradeTransaction/ram:IncludedSupplyChainTradeLineItem/ram:SpecifiedLineTradeDelivery/ram:ShipToTradeParty/ram:ID	6	0..1							308	208	納入先コード	UN01005757			
/rsm:CrossIndustryInvoice/rsm:SupplyChainTradeTransaction/ram:IncludedSupplyChainTradeLineItem/ram:SpecifiedLineTradeDelivery/ram:ShipToTradeParty/ram:GlobalID	6	0..1							309	209	納入先国際企業コード	UN01005758			
/rsm:CrossIndustryInvoice/rsm:SupplyChainTradeTransaction/ram:IncludedSupplyChainTradeLineItem/ram:SpecifiedLineTradeDelivery/ram:ShipToTradeParty/ram:Name	6	0..1							310	210	納入先名称	UN01005759			
/rsm:CrossIndustryInvoice/rsm:SupplyChainTradeTransaction/ram:IncludedSupplyChainTradeLineItem/ram:SpecifiedLineTradeDelivery/ramDespachAdviceReferenceDocument	5	0..1							311	211	（参照）出荷案内書クラス	UN01006039			
/rsm:CrossIndustryInvoice/rsm:SupplyChainTradeTransaction/ram:IncludedSupplyChainTradeLineItem/ram:SpecifiedLineTradeDelivery/ramDespachAdviceReferenceDocument/ram:ID	6	0..1							312	213	（参照）出荷案内書番号	UN01005580			■
/rsm:CrossIndustryInvoice/rsm:SupplyChainTradeTransaction/ram:IncludedSupplyChainTradeLineItem/ram:SpecifiedLineTradeDelivery/ramDespachAdviceReferenceDocument/ram:CategoryCode	6	0..1							313	216	（参照）出荷案内書類型コード	UN01013318			■
/rsm:CrossIndustryInvoice/rsm:SupplyChainTradeTransaction/ram:IncludedSupplyChainTradeLineItem/ram:SpecifiedLineTradeDelivery/ram:BilledQuantity	5	0..1	BT-129	2	1..1	Invoiced quantity	The quantity of items (goods or services) that is charged in the Invoice line.	Q	314	↓					
/rsm:CrossIndustryInvoice/rsm:SupplyChainTradeTransaction/ram:IncludedSupplyChainTradeLineItem/ram:SpecifiedLineTradeDelivery/ram:BilledQuantity/@unitCode	6		BT-130	2	1..1	Invoiced quantity unit of measure	The unit of measure that applies to the invoiced quantity.	C	315	↓					
/rsm:CrossIndustryInvoice/rsm:SupplyChainTradeTransaction/ram:IncludedSupplyChainTradeLineItem/ram:SpecifiedLineTradeSettlement	4	1..1							316	217	明細請求書決済クラス	UN01005992			
/rsm:CrossIndustryInvoice/rsm:SupplyChainTradeTransaction/ram:IncludedSupplyChainTradeLineItem/ram:SpecifiedLineTradeSettlement/ram:InvoiceIssuerReferenee	5	0..1							317	？					
/rsm:CrossIndustryInvoice/rsm:SupplyChainTradeTransaction/ram:IncludedSupplyChainTradeLineItem/ram:SpecifiedLineTradeSettlement/ram:ApplicableTradeTax	5	1..n	BG-30	2	1..1	LINE VAT INFORMATION	A group of business terms providing information about the VAT applicable for the goods and services invoiced on the Invoice line.   		318	220	取引税クラス	UN01005996			
/rsm:CrossIndustryInvoice/rsm:SupplyChainTradeTransaction/ram:IncludedSupplyChainTradeLineItem/ram:SpecifiedLineTradeSettlement/ram:ApplicableTradeTax/ram:CalculatedAmount	6	1..1							319	222	税額	UN01005833		◎	
/rsm:CrossIndustryInvoice/rsm:SupplyChainTradeTransaction/ram:IncludedSupplyChainTradeLineItem/ram:SpecifiedLineTradeSettlement/ram:ApplicableTradeTax/ram:TypeCode	6	1..1	BT-151	3	1..1	Invoiced item VAT category code	The VAT category code for the invoiced item.	C	320	223	税タイプコード	UN01005834			
/rsm:CrossIndustryInvoice/rsm:SupplyChainTradeTransaction/ram:IncludedSupplyChainTradeLineItem/ram:SpecifiedLineTradeSettlement/ram:ApplicableTradeTax/ram:BasisAmount	6	1..1							321	224	課税対象合計金額（税抜き）	UN01005839		◎	
/rsm:CrossIndustryInvoice/rsm:SupplyChainTradeTransaction/ram:IncludedSupplyChainTradeLineItem/ram:SpecifiedLineTradeSettlement/ram:ApplicableTradeTax/ram:CategoryCode	6	1..1	BT-151	3	1..1	Invoiced item VAT category code	The VAT category code for the invoiced item.	C	322	225	税区分コード	UN01005841		◎	
/rsm:CrossIndustryInvoice/rsm:SupplyChainTradeTransaction/ram:IncludedSupplyChainTradeLineItem/ram:SpecifiedLineTradeSettlement/ram:ApplicableTradeTax/ram:RateApplicablePercent	6	1..1	BT-152	3	0..1	Invoiced item VAT rate	The VAT rate, represented as percentage that applies to the invoiced item.	P	323	227	税率	UN01007174		◎	
/rsm:CrossIndustryInvoice/rsm:SupplyChainTradeTransaction/ram:IncludedSupplyChainTradeLineItem/ram:SpecifiedLineTradeSettlement/ram:ApplicableTradeTax/ram:Grand Total. Amount	6	1..1							324	228	課税対象金額(税込み)	UN01013040		◎	
/rsm:CrossIndustryInvoice/rsm:SupplyChainTradeTransaction/ram:IncludedSupplyChainTradeLineItem/ram:SpecifiedLineTradeSettlement/ram:ApplicableTradeTax/ram:Calculation Method.Code	6	1..1							325	229	税計算方式	UN01013096	　　　　　　　　　　　　　　　　　　　　　　　　　　　		
/rsm:CrossIndustryInvoice/rsm:SupplyChainTradeTransaction/ram:IncludedSupplyChainTradeLineItem/ram:SpecifiedLineTradeSettlement/ram:AdditionalReferencedDocument	5	0..n							326	237	（参照）文書クラス	UN01006005			
/rsm:CrossIndustryInvoice/rsm:SupplyChainTradeTransaction/ram:IncludedSupplyChainTradeLineItem/ram:SpecifiedLineTradeSettlement/ram:AdditionalReferencedDocument/ram:IssuerAssignedID	6	1..1	BT-128	2	0..1	Invoice line object identifier	An identifier for an object on which the invoice line is based, given by the Seller.	I	327	239	（参照）文書番号	UN01005580			■
/rsm:CrossIndustryInvoice/rsm:SupplyChainTradeTransaction/ram:lncludedSupplyChainTradeLineItem/ram:SpecifiedLineTradeSettlement/ram:AdditionalReferencedDocument/ram:TypeCode	6	1..1	BT-128	2	0..1	Invoice line object identifier	An identifier for an object on which the invoice line is based, given by the Seller.   	I	328	241	（参照）文書タイプコード	UN01005586			■
/rsm:CrossIndustryInvoice/rsm:SupplyChainTradeTransaction/ram:IncludedSupplyChainTradeLineItem/ram:SpecifiedLineTradeSettlement/ram:AdditionalReferencedDocument/ram:ReferenceTypeCode	6	0..1	BT-128-1	3	0..1	Invoice line object identifier identification  scheme identifier	The identification scheme identifier of the Invoice line object identifier.	S	329	？					
/rsm:CrossIndustryInvoice/rsm:SupplyChainTradeTransaction/ram:IncludedSupplyChainTradeLineItem/ram:SpecifiedLineTradeSettlement/ram:AdditionalReferencedDocument/ram:CategoryCode	6	1..1							330	243	（参照）文書類型コード	UN01013318			■
/rsm:CrossIndustryInvoice/rsm:SupplyChainTradeTransaction/ram:IncludedSupplyChainTradeLineItem/ram:SpecifiedLineTradeSettlement/ram:ReceivabIeSpecifiedTradeAccountingAccount	5	0..n							331	？					
/rsm:CrossIndustryInvoice/rsm:SupplyChainTradeTransaction/ram:IncludedSupplyChainTradeLineItem/ram:SpecifiedLineTradeSettlement/ram:ReceivableSpecifiedTradeAccountingAccount/ram:ID	6	1..1	BT-133	2	0..1	Invoice line Buyer accounting reference	A textual value that specifies where to book the relevant data into the Buyer's financial accounts.	T	332	？					
/rsm:CrossIndustryInvoice/rsm:SupplyChainTradeTransaction/ram:IncludedSupplyChainTradeLineItem/ram:SpecifiedLineTradeSettlement/ram:SpecifiedTradeSettlementLineMonetarySummation	5	1..1							333	230	明細請求書合計金額クラス	UN01006002			
/rsm:CrossIndustryInvoice/rsm:SupplyChainTradeTransaction/ram:IncludedSupplyChainTradeLineItem/ram:SpecifiedLineTradeSettlement/ram:SpecifiedTradeSettlementLineMonetarySummation/ram:TaxTotalAmount	6	1..1	BT-131	2	1..1	Invoice line net amount	The total amount of the Invoice line.	A	334	232	明細請求書合計税額	UN01006011	〇		
/rsm:CrossIndustryInvoice/rsm:SupplyChainTradeTransaction/ram:IncludedSupplyChainTradeLineItem/ram:SpecifiedLineTradeSettlement/ram:SpecifiedTradeSettlementLineMonetarySummation/ram:GrandTotalAmount	6	1..1							335	236	明細請求書総合計金額	UN01011519	〇		
/rsm:CrossIndustryInvoice/rsm:SupplyChainTradeTransaction/ram:IncludedSupplyChainTradeLineItem/ram:SpecifiedLineTradeSettlement/ram:SpecifiedTradeSettlementLineMonetarySummation/ram:NetLineTotalAmount	6	0..1							336	234	明細請求書合計金額(税抜き)	UN01008456			
/rsm:CrossIndustryInvoice/rsm:SupplyChainTradeTransaction/ram:IncludedSupplyChainTradeLineItem/ram:SpecifiedLineTradeSettlement/ram:SpecifiedTradeSettlementLineMonetarySummation/ram: Including Taxes_ Line TotalAmount	6	0..1							337	235	請明細求書合計金額(税込み)	UN01008457			
/rsm:CrossIndustryInvoice/rsm:SupplyChainTradeTransaction/ram:IncludedSupplyChainTradeLineItem/ram:SpecifiedLineTradeSettlement/ram:SpecifiedTradeSettlementLineMonetarySummation/ram Allowance Chargel:TotalAmount	6	0..1							338	233	明細請求書調整金額	UN01006013			
/rsm:CrossIndustryInvoice/rsm:SupplyChainTradeTransaction/ram:IncludedSupplyChainTradeLineItem/ram:SpecifiedLineTradeSettlement/ram:SpecifiedTradeAllowanceCharge	5	0..n	BG-27	2	0..n	INVOICE LINE ALLOWA NCES	A group of business terms providing information about allowances applicable to the individual Invoice line.		339	？					
/rsm:CrossIndustryInvoice/rsm:SupplyChainTradeTransaction/ram:IncludedSupplyChainTradeLineItem/ram:SpecifiedLineTradeSettlement/ram:SpecifiedTradeAllowanceCharge	5	0..n	BG-28	2	0..n	INVOICE LINE CHARGES	A group of business terms providing information about charges and taxes other than VAT applicable to the individual Invoice line.		340	？					
/rsm:CrossIndustryInvoice/rsm:SupplyChainTradeTransaction/ram:IncludedSupplyChainTradeLineItem/ram:SpecifiedLineTradeSettlement/ram:SpecifiedTradeAllowanceCharge/ram:ChargeIndicator	6	0..1							341	？					
/rsm:CrossIndustryInvoice/rsm:SupplyChainTradeTransaction/ram:IncludedSupplyChainTradeLineItem/ram:SpecifiedLineTradeSettlement/ram:SpecifiedTradeAllowanceCharge/ram:ChargeIndicator/udt:Indicator	7	1..1							342	？					
/rsm:CrossIndustryInvoice/rsm:SupplyChainTradeTransaction/ram:IncludedSupplyChainTradeLineItem/ram:SpecifiedLineTradeSettlement/ram:SpecifiedTradeAllowanceCharge/ram:CalculationPercent	6	0..1	BT-138	3	0..1	Invoice line allowance  percentage	The percentage that may be used, in conjunction with the Invoice line allowance base amount, to calculate the Invoice line  allowance amount   	P	343	？					
/rsm:CrossIndustryInvoice/rsm:SupplyChainTradeTransaction/ram:IncludedSupplyChainTradeLineItem/ram:SpecifiedLineTradeSettlement/ram:SpecifiedTradeAllowanceCharge/ram:CalculationPercent	6	0..1	BT-143	3	0..1	Invoice line charge  percentage	The percentage that may be used, in conjunction with the Invoice line charge base amount, to calculate the Invoice line charge  amount.	P	344	？					
/rsm:CrossIndustryInvoice/rsm:SupplyChainTradeTransaction/ram:IncludedSupplyChainTradeLineItem/ram:SpecifiedLineTradeSettlement/ram:SpecifiedTradeAllowanceCharge/ram:BasisAmount	6	0..1	BT-137	3	0..1	Invoice line allowance base amount	The base amount that may be used, in conjunction with the Invoice line allowance percentage, to calculate the Invoice line  allowance amount.	A	345	？					
/rsm:CrossIndustryInvoice/rsm:SupplyChainTradeTransaction/ram:IncludedSupplyChainTradeLineItem/ram:SpecifiedLineTradeSettlement/ram:SpecifiedTradeAllowanceCharge/ram:BasisAmount	6	0..1	BT-142	3	0..1	Invoice line charge base amount	The base amount that may be used, in conjunction with the Invoice line charge percentage, to calculate the Invoice line charge  amount.	A	346	？					
/rsm:CrossIndustryInvoice/rsm:SupplyChainTradeTransaction/ram:IncludedSupplyChainTradeLineItem/ram:SpecifiedLineTradeSettlement/ram:SpecifiedTradeAllowanceCharge/ram:ActualAmount	6	0..n	BT-136	3	1..1	Invoice line allowance amount	The amount of an allowance, without VAT.	A	347	？					
/rsm:CrossIndustryInvoice/rsm:SupplyChainTradeTransaction/ram:IncludedSupplyChainTradeLineItem/ram:SpecifiedLineTradeSettlement/ram:SpecifiedTradeAllowanceCharge/ram:ActualAmount	6	0..n	BT-141	3	1..1	Invoice line charge amount	The amount of a charge, without VAT.	A	348	？					
/rsm:CrossIndustryInvoice/rsm:SupplyChainTradeTransaction/ram:IncludedSupplyChainTradeLineItem/ram:SpecifiedLineTradeSettlement/ram:SpecifiedTradeAllowanceCharge/ram:ReasonCode	6	0..1	BT-140	3	0..1	Invoice line allowance reason code	The reason for the Invoice line allowance, expressed as a code.	C	349	？					
/rsm:CrossIndustryInvoice/rsm:SupplyChainTradeTransaction/ram:IncludedSupplyChainTradeLineItem/ram:SpecifiedLineTradeSettlement/ram:SpecifiedTradeAllowanceCharge/ram:ReasonCode	6	0..1	BT-145	3	0..1	Invoice line charge reason code	The reason for the Invoice line charge, expressed as a code.	C	350	？					
/rsm:CrossIndustryInvoice/rsm:SupplyChainTradeTransaction/ram:IncludedSupplyChainTradeLineItem/ram:SpecifiedLineTradeSettlement/ram:SpecifiedTradeAllowanceCharge/ram:Reason	6	0..1	BT-139	3	0..1	Invoice line allowance reason	The reason for the Invoice line allowance, expressed as text.	T	351	？					
/rsm:CrossIndustryInvoice/rsm:SupplyChainTradeTransaction/ram:IncludedSupplyChainTradeLineItem/ram:SpecifiedLineTradeSettlement/ram:SpecifiedTradeAllowanceCharge/ram:Reason	6	0..1	BT-144	3	0..1	Invoice line charge reason	The reason for the Invoice line charge, expressed as text.	T	352	？					
/rsm:CrossIndustryInvoice/rsm:SupplyChainTradeTransaction/ram:IncludedSupplyChainTradeLineItem/ram:SpecifiedLineTradeSettlement/ram:BillingSpecifiedPeriod	5	0..1	BG-26	2	0..1	INVOICE LINE PERIOD	A group of business terms providing information about the period relevant for the Invoice line.		353	244	請求期間クラス	UN01005997			
/rsm:CrossIndustryInvoice/rsm:SupplyChainTradeTransaction/ram:IncludedSupplyChainTradeLineItem/ram:SpecifiedLineTradeSettlement/ram:BillingSpecifiedPeriod/ram:StartDateTime	6	0..1							354	246	請求開始日	UN01005612	〇		
/rsm:CrossIndustryInvoice/rsm:SupplyChainTradeTransaction/ram:IncludedSupplyChainTradeLineItem/ram:SpecifiedLineTradeSettlement/ram:BillingSpecifiedPeriod/ram:StartDateTime/udt:DateTimeString	7	1..1	BT-134	3	0..1	Invoice line period start date	The date when the Invoice period for this Invoice line starts.	D	355	？					
/rsm:CrossIndustryInvoice/rsm:SupplyChainTradeTransaction/ram:IncludedSupplyChainTradeLineItem/ram:SpecifiedLineTradeSettlement/ram:BillingSpecifiedPeriod/ram:StartDateTime/udt:DateTimeString/@format	8		BT-134	3	0..1	Invoice line period start date	The date when the Invoice period for this Invoice line starts.	D	356	？					
/rsm:CrossIndustryInvoice/rsm:SupplyChainTradeTransaction/ram:IncludedSupplyChainTradeLineItem/ram:SpecifiedLineTradeSettlement/ram:BillingSpecifiedPeriod/ram:EndDateTime	6	0..1							357	247	請求終了日	UN01005613	〇		
/rsm:CrossIndustryInvoice/rsm:SupplyChainTradeTransaction/ram:IncludedSupplyChainTradeLineItem/ram:SpecifiedLineTradeSettlement/ram:BillingSpecifiedPeriod/ram:EndDateTime/udt:DateTimeString	7		BT-135	3	0..1	Invoice line period end date	The date when the Invoice period for this Invoice line ends.	D	358	？					
/rsm:CrossIndustryInvoice/rsm:SupplyChainTradeTransaction/ram:IncludedSupplyChainTradeLineItem/ram:SpecifiedLineTradeSettlement/ram:BillingSpecifiedPeriod/ram:EndDateTime/udt:DateTimeString/@format	8		BT-135	3	0..1	Invoice line period end date	The date when the Invoice period for this Invoice line ends.	D	359	？					
/rsm:CrossIndustryInvoice/rsm:SupplyChainTradeTransaction/ram:IncludedSupplyChainTradeLineItem/ram:SubordinateTradeLineItem	4	1..1							360	248	サブ明細行クラス	UN01009669			
/rsm:CrossIndustryInvoice/rsm:SupplyChainTradeTransaction/ram:IncludedSupplyChainTradeLineItem/ram:SubordinateTradeLineItem/ram: Identification.Identifier	5	1..1							361	250	サブ明細行番号	UN01009648	〇		□
/rsm:CrossIndustryInvoice/rsm:SupplyChainTradeTransaction/ram:IncludedSupplyChainTradeLineItem/ram:SubordinateTradeLineItem/ram:TradeAgreement	5	1..1							362	251	取引契約クラス	UN01009649			
/rsm:CrossIndustryInvoice/rsm:SupplyChainTradeTransaction/ram:IncludedSupplyChainTradeLineItem/ram:SubordinateTradeLineItem/ram:TradeAgreement/ram AdditionalReferencedDocument	6	1..n							363	253	参照文書クラス	UN01009656			
/rsm:CrossIndustryInvoice/rsm:SupplyChainTradeTransaction/ram:IncludedSupplyChainTradeLineItem/ram:SubordinateTradeLineItem/ram:TradeAgreement/ram:AdditionalReferencedDocument/ram:ID	7	0..1							364	255	（参照）文書番号	UN01005580			■
/rsm:CrossIndustryInvoice/rsm:SupplyChainTradeTransaction/ram:IncludedSupplyChainTradeLineItem/ram:SubordinateTradeLineItem/ram:TradeAgreement/ram:AdditionalReferencedDocument/ram:RevisionID	7	0..1							365	259	（参照）文書履歴番号	UN01005588			■
/rsm:CrossIndustryInvoice/rsm:SupplyChainTradeTransaction/ram:IncludedSupplyChainTradeLineItem/ram:SubordinateTradeLineItem/ram:TradeAgreement/ramAdditionalReferencedDocument/ram:IssueDateTime	7	1..1							366	256	（参照）文書発行日	UN01005582		◎	■
/rsm:CrossIndustryInvoice/rsm:SupplyChainTradeTransaction/ram:IncludedSupplyChainTradeLineItem/ram:SubordinateTradeLineItem/ram:TradeAgreement/ram:AdditionalReferencedDocument/ram:TypeCode	7	0..1							367	258	（参照）文書タイプコード	UN01005586			■
/rsm:CrossIndustryInvoice/rsm:SupplyChainTradeTransaction/ram:IncludedSupplyChainTradeLineItem/ram:SubordinateTradeLineItem/ram:TradeAgreement/ramAdditionalReferencedDocument/ram:LineID	7	0..1	BT-132	2	0..1	Reference d purchase order line reference	An identifier for a referenced line within a purchase order, issued by the Buyer.	0	368	257	（参照）文書明細行番号	UN01005585			■
/rsm:CrossIndustryInvoice/rsm:SupplyChainTradeTransaction/ram:IncludedSupplyChainTradeLineItem/ram:SubordinateTradeLineItem/ram:TradeAgreement/ram:AdditionalReferencedDocument/ram:SubordinateLineID	7	0..1							369	260	（参照）文書番号枝番	UN01012923			■
/rsm:CrossIndustryInvoice/rsm:SupplyChainTradeTransaction/ram:IncludedSupplyChainTradeLineItem/ram:SubordinateTradeLineItem/ram:TradeAgreement/ram:Net PriceProductTrade Price	6	1..1							370	261	取引価格クラス	UN01009658			
/rsm:CrossIndustryInvoice/rsm:SupplyChainTradeTransaction/ram:IncludedSupplyChainTradeLineItem/ram:SubordinateTradeLineItem/ram:TradeAgreement/ram:Net PriceProductTrade Price/ram:Charge Amount	7	1..1	BT-146	3	1..1	Item net price	The price of an item, exclusive of VAT, after subtracting item price discount.	U	371	263	契約単価	UN01005792	〇		
/rsm:CrossIndustryInvoice/rsm:SupplyChainTradeTransaction/ram:IncludedSupplyChainTradeLineItem/ram:SubordinateTradeLineItem/ram:TradeAgreement/ram:Net PriceProductTrade Price/ram:Sign of number Code	7	1..1							372	264	単価正負コード	JPS2000149	●		
/rsm:CrossIndustryInvoice/rsm:SupplyChainTradeTransaction/ram:IncludedSupplyChainTradeLineItem/ram:SubordinateTradeLineItem/ram:TradeDelivery	5	1..1							373	265	サブ明細納入クラス	UN01009650			
/rsm:CrossIndustryInvoice/rsm:SupplyChainTradeTransaction/ram:IncludedSupplyChainTradeLineItem/ram:SubordinateTradeLineItem/ram:TradeDelivery/ram:PackageQuantity	6	0..1							374	267	納入パッケージ数量	UN01009660			
/rsm:CrossIndustryInvoice/rsm:SupplyChainTradeTransaction/ram:IncludedSupplyChainTradeLineItem/ram:SubordinateTradeLineItem/ram:TradeDelivery/ram:ProductUnitQuantity	6	1..1	BT-129	2	1..1	Invoiced quantity	The quantity of items (goods or services) that is charged in the Invoice line.	Q	375	268	納入バラ数量	UN01009661	〇		
/rsm:CrossIndustryInvoice/rsm:SupplyChainTradeTransaction/ram:IncludedSupplyChainTradeLineItem/ram:SubordinateTradeLineItem/ram:TradeDelivery/ram:Per PackageUnitQuantit	6	0..1							376	269	入り数	UN01009662			
/rsm:CrossIndustryInvoice/rsm:SupplyChainTradeTransaction/ram:IncludedSupplyChainTradeLineItem/ram:SubordinateTradeLineItem/ram: TradeSettlement	5	1..1							377	270	サブ明細行決裁クラス	UN01009651			
/rsm:CrossIndustryInvoice/rsm:SupplyChainTradeTransaction/ram:IncludedSupplyChainTradeLineItem/ram:SubordinateTradeLineItem/ram: TradeSettlement/ram:ApplicableTradeTax	6	1..1							378	272	取引税クラス	UN01009665			
/rsm:CrossIndustryInvoice/rsm:SupplyChainTradeTransaction/ram:IncludedSupplyChainTradeLineItem/ram:SubordinateTradeLineItem/ram: TradeSettlement/ram:ApplicableTradeTax/ram:BasisAmount	7	1..1							379	274	課税対象金額（税抜き）	UN01005839	〇		
/rsm:CrossIndustryInvoice/rsm:SupplyChainTradeTransaction/ram:IncludedSupplyChainTradeLineItem/ram:SubordinateTradeLineItem/ram: TradeSettlement/ram:ApplicableTradeTax/ram:CategoryCode	7	1..1							380	275	税区分コード	UN01005841		◎	
/rsm:CrossIndustryInvoice/rsm:SupplyChainTradeTransaction/ram:IncludedSupplyChainTradeLineItem/ram:SubordinateTradeLineItem/ram: TradeSettlement/ram:ApplicableTradeTax/ram:RateApplicablePercent	7	1..1							381	277	税率	UN01007174	〇		
/rsm:CrossIndustryInvoice/rsm:SupplyChainTradeTransaction/ram:IncludedSupplyChainTradeLineItem/ram:SubordinateTradeLineItem/ram: TradeSettlement/ram:ApplicableTradeTax/ram:Grand Total. Amount	7	1..1							382	278	課税対象金額(税込み)	UN01013040	〇		
/rsm:CrossIndustryInvoice/rsm:SupplyChainTradeTransaction/ram:IncludedSupplyChainTradeLineItem/ram:SubordinateTradeLineItem/ram: ApplicableTradeProduct	5	1..1	BG-31	2	1..1	ITEM INFORMATION	A group of business terms providing information about the goods and services invoiced.		383	279	取引品目クラス	UN01010016			
/rsm:CrossIndustryInvoice/rsm:SupplyChainTradeTransaction/ram:IncludedSupplyChainTradeLineItem/ram:SubordinateTradeLineItem/ram: ApplicableTradeProduct/ram:BuyerAssignedIdentificationId	6	0..1	BT-156	3	0..1	Item Buyer's identifier	An identifier, assigned by the Buyer, for the item.	I	384	281	品名コード	UN01005813			
/rsm:CrossIndustryInvoice/rsm:SupplyChainTradeTransaction/ram:IncludedSupplyChainTradeLineItem/ram:SubordinateTradeLineItem/ram: ApplicableTradeProduct/ram:Name. Text	6	0..1	BT-153	3	1..1	Item name	A name for an item.	T	385	282	品名	UN01005815			
/rsm:CrossIndustryInvoice/rsm:SupplyChainTradeTransaction/ram:IncludedSupplyChainTradeLineItem/ram:SubordinateTradeLineItem/ram: ApplicableTradeProduct/ram:Description. Text	6	1..1	BT-154	3	0..1	Item description	A description for an item.	T	386	283	品目摘要	UN01005817	〇	◎	